SRA	SampleID	Plant	Date	Enriched	virus_group	display_name	family	genus	species	total_filtered_read_pair_count	max_reference_filtered_read_pair_count	matching_accession_count	matching_accessions	qualifying_accession_count	qualifying_accessions	detection_threshold	detected	detection_status
SRR14530790	HTP_8_11_2020	HTP	2020-08-11	enriched	Pepper mild mottle virus	Pepper mild mottle virus (reference control)	Virgaviridae	Tobamovirus	Tobamovirus capsici	14187	14187	1	NC_003630.1	1	NC_003630.1	50	TRUE	Detected
SRR14530790	HTP_8_11_2020	HTP	2020-08-11	enriched	Human norovirus	Human norovirus	Caliciviridae	Norovirus	Norovirus norwalkense	0	0	0		0		50	FALSE	Not detected
SRR14530790	HTP_8_11_2020	HTP	2020-08-11	enriched	Seasonal human coronavirus	Seasonal human coronavirus	Coronaviridae	Alphacoronavirus / Betacoronavirus	multiple species	0	0	0		0		50	FALSE	Not detected
SRR14530790	HTP_8_11_2020	HTP	2020-08-11	enriched	Human adenovirus	Human adenovirus	Adenoviridae	Mastadenovirus	multiple species	0	0	0		0		50	FALSE	Not detected
SRR14530790	HTP_8_11_2020	HTP	2020-08-11	enriched	Influenza A virus	Influenza A virus	Orthomyxoviridae	Alphainfluenzavirus	Alphainfluenzavirus influenzae	56	56	1	NC_002018.1	1	NC_002018.1	50	TRUE	Detected
SRR14530790	HTP_8_11_2020	HTP	2020-08-11	enriched	SARS-CoV-2	SARS-CoV-2	Coronaviridae	Betacoronavirus	Betacoronavirus pandemicum	848	848	1	NC_045512.2	1	NC_045512.2	50	TRUE	Detected
SRR14530767	HTP_8_11_2020_INF_unenriched	HTP	2020-08-11	unenriched	Pepper mild mottle virus	Pepper mild mottle virus (reference control)	Virgaviridae	Tobamovirus	Tobamovirus capsici	20170	20170	1	NC_003630.1	1	NC_003630.1	50	TRUE	Detected
SRR14530767	HTP_8_11_2020_INF_unenriched	HTP	2020-08-11	unenriched	Human norovirus	Human norovirus	Caliciviridae	Norovirus	Norovirus norwalkense	9	6	3	NC_039475.1; NC_039476.1; NC_039477.1	0		50	FALSE	Not detected
SRR14530767	HTP_8_11_2020_INF_unenriched	HTP	2020-08-11	unenriched	Seasonal human coronavirus	Seasonal human coronavirus	Coronaviridae	Alphacoronavirus / Betacoronavirus	multiple species	0	0	0		0		50	FALSE	Not detected
SRR14530767	HTP_8_11_2020_INF_unenriched	HTP	2020-08-11	unenriched	Human adenovirus	Human adenovirus	Adenoviridae	Mastadenovirus	multiple species	0	0	0		0		50	FALSE	Not detected
SRR14530767	HTP_8_11_2020_INF_unenriched	HTP	2020-08-11	unenriched	Influenza A virus	Influenza A virus	Orthomyxoviridae	Alphainfluenzavirus	Alphainfluenzavirus influenzae	0	0	0		0		50	FALSE	Not detected
SRR14530767	HTP_8_11_2020_INF_unenriched	HTP	2020-08-11	unenriched	SARS-CoV-2	SARS-CoV-2	Coronaviridae	Betacoronavirus	Betacoronavirus pandemicum	1	1	1	NC_045512.2	0		50	FALSE	Not detected
SRR14530779	HTP_8_18_2020	HTP	2020-08-18	enriched	Pepper mild mottle virus	Pepper mild mottle virus (reference control)	Virgaviridae	Tobamovirus	Tobamovirus capsici	22876	22876	1	NC_003630.1	1	NC_003630.1	50	TRUE	Detected
SRR14530779	HTP_8_18_2020	HTP	2020-08-18	enriched	Human norovirus	Human norovirus	Caliciviridae	Norovirus	Norovirus norwalkense	3	2	2	NC_001959.2; NC_039475.1	0		50	FALSE	Not detected
SRR14530779	HTP_8_18_2020	HTP	2020-08-18	enriched	Seasonal human coronavirus	Seasonal human coronavirus	Coronaviridae	Alphacoronavirus / Betacoronavirus	multiple species	38	38	1	NC_006213.1	0		50	FALSE	Not detected
SRR14530779	HTP_8_18_2020	HTP	2020-08-18	enriched	Human adenovirus	Human adenovirus	Adenoviridae	Mastadenovirus	multiple species	2	2	1	NC_010956.1	0		50	FALSE	Not detected
SRR14530779	HTP_8_18_2020	HTP	2020-08-18	enriched	Influenza A virus	Influenza A virus	Orthomyxoviridae	Alphainfluenzavirus	Alphainfluenzavirus influenzae	1	1	1	NC_002016.1	0		50	FALSE	Not detected
SRR14530779	HTP_8_18_2020	HTP	2020-08-18	enriched	SARS-CoV-2	SARS-CoV-2	Coronaviridae	Betacoronavirus	Betacoronavirus pandemicum	987	987	1	NC_045512.2	1	NC_045512.2	50	TRUE	Detected
SRR14530766	HTP_8_18_2020_INF_unenriched	HTP	2020-08-18	unenriched	Pepper mild mottle virus	Pepper mild mottle virus (reference control)	Virgaviridae	Tobamovirus	Tobamovirus capsici	16398	16398	1	NC_003630.1	1	NC_003630.1	50	TRUE	Detected
SRR14530766	HTP_8_18_2020_INF_unenriched	HTP	2020-08-18	unenriched	Human norovirus	Human norovirus	Caliciviridae	Norovirus	Norovirus norwalkense	2	2	1	NC_039475.1	0		50	FALSE	Not detected
SRR14530766	HTP_8_18_2020_INF_unenriched	HTP	2020-08-18	unenriched	Seasonal human coronavirus	Seasonal human coronavirus	Coronaviridae	Alphacoronavirus / Betacoronavirus	multiple species	0	0	0		0		50	FALSE	Not detected
SRR14530766	HTP_8_18_2020_INF_unenriched	HTP	2020-08-18	unenriched	Human adenovirus	Human adenovirus	Adenoviridae	Mastadenovirus	multiple species	0	0	0		0		50	FALSE	Not detected
SRR14530766	HTP_8_18_2020_INF_unenriched	HTP	2020-08-18	unenriched	Influenza A virus	Influenza A virus	Orthomyxoviridae	Alphainfluenzavirus	Alphainfluenzavirus influenzae	0	0	0		0		50	FALSE	Not detected
SRR14530766	HTP_8_18_2020_INF_unenriched	HTP	2020-08-18	unenriched	SARS-CoV-2	SARS-CoV-2	Coronaviridae	Betacoronavirus	Betacoronavirus pandemicum	0	0	0		0		50	FALSE	Not detected
SRR14530768	HTP_8_25_2020	HTP	2020-08-25	enriched	Pepper mild mottle virus	Pepper mild mottle virus (reference control)	Virgaviridae	Tobamovirus	Tobamovirus capsici	27273	27273	1	NC_003630.1	1	NC_003630.1	50	TRUE	Detected
SRR14530768	HTP_8_25_2020	HTP	2020-08-25	enriched	Human norovirus	Human norovirus	Caliciviridae	Norovirus	Norovirus norwalkense	4	2	2	NC_039477.1; NC_044045.1	0		50	FALSE	Not detected
SRR14530768	HTP_8_25_2020	HTP	2020-08-25	enriched	Seasonal human coronavirus	Seasonal human coronavirus	Coronaviridae	Alphacoronavirus / Betacoronavirus	multiple species	28	28	1	NC_006213.1	0		50	FALSE	Not detected
SRR14530768	HTP_8_25_2020	HTP	2020-08-25	enriched	Human adenovirus	Human adenovirus	Adenoviridae	Mastadenovirus	multiple species	19	11	3	AC_000006.1; NC_001454.1; NC_010956.1	0		50	FALSE	Not detected
SRR14530768	HTP_8_25_2020	HTP	2020-08-25	enriched	Influenza A virus	Influenza A virus	Orthomyxoviridae	Alphainfluenzavirus	Alphainfluenzavirus influenzae	0	0	0		0		50	FALSE	Not detected
SRR14530768	HTP_8_25_2020	HTP	2020-08-25	enriched	SARS-CoV-2	SARS-CoV-2	Coronaviridae	Betacoronavirus	Betacoronavirus pandemicum	2188	2188	1	NC_045512.2	1	NC_045512.2	50	TRUE	Detected
SRR14530765	HTP_8_25_2020_INF_unenriched	HTP	2020-08-25	unenriched	Pepper mild mottle virus	Pepper mild mottle virus (reference control)	Virgaviridae	Tobamovirus	Tobamovirus capsici	19669	19669	1	NC_003630.1	1	NC_003630.1	50	TRUE	Detected
SRR14530765	HTP_8_25_2020_INF_unenriched	HTP	2020-08-25	unenriched	Human norovirus	Human norovirus	Caliciviridae	Norovirus	Norovirus norwalkense	5	2	3	NC_039475.1; NC_039477.1; NC_040876.1	0		50	FALSE	Not detected
SRR14530765	HTP_8_25_2020_INF_unenriched	HTP	2020-08-25	unenriched	Seasonal human coronavirus	Seasonal human coronavirus	Coronaviridae	Alphacoronavirus / Betacoronavirus	multiple species	0	0	0		0		50	FALSE	Not detected
SRR14530765	HTP_8_25_2020_INF_unenriched	HTP	2020-08-25	unenriched	Human adenovirus	Human adenovirus	Adenoviridae	Mastadenovirus	multiple species	0	0	0		0		50	FALSE	Not detected
SRR14530765	HTP_8_25_2020_INF_unenriched	HTP	2020-08-25	unenriched	Influenza A virus	Influenza A virus	Orthomyxoviridae	Alphainfluenzavirus	Alphainfluenzavirus influenzae	0	0	0		0		50	FALSE	Not detected
SRR14530765	HTP_8_25_2020_INF_unenriched	HTP	2020-08-25	unenriched	SARS-CoV-2	SARS-CoV-2	Coronaviridae	Betacoronavirus	Betacoronavirus pandemicum	1	1	1	NC_045512.2	0		50	FALSE	Not detected
SRR14530757	HTP_9_01_2020	HTP	2020-09-01	enriched	Pepper mild mottle virus	Pepper mild mottle virus (reference control)	Virgaviridae	Tobamovirus	Tobamovirus capsici	32046	32046	1	NC_003630.1	1	NC_003630.1	50	TRUE	Detected
SRR14530757	HTP_9_01_2020	HTP	2020-09-01	enriched	Human norovirus	Human norovirus	Caliciviridae	Norovirus	Norovirus norwalkense	3	1	3	NC_039475.1; NC_039476.1; NC_040876.1	0		50	FALSE	Not detected
SRR14530757	HTP_9_01_2020	HTP	2020-09-01	enriched	Seasonal human coronavirus	Seasonal human coronavirus	Coronaviridae	Alphacoronavirus / Betacoronavirus	multiple species	91	91	1	NC_006213.1	1	NC_006213.1	50	TRUE	Detected
SRR14530757	HTP_9_01_2020	HTP	2020-09-01	enriched	Human adenovirus	Human adenovirus	Adenoviridae	Mastadenovirus	multiple species	0	0	0		0		50	FALSE	Not detected
SRR14530757	HTP_9_01_2020	HTP	2020-09-01	enriched	Influenza A virus	Influenza A virus	Orthomyxoviridae	Alphainfluenzavirus	Alphainfluenzavirus influenzae	0	0	0		0		50	FALSE	Not detected
SRR14530757	HTP_9_01_2020	HTP	2020-09-01	enriched	SARS-CoV-2	SARS-CoV-2	Coronaviridae	Betacoronavirus	Betacoronavirus pandemicum	2155	2155	1	NC_045512.2	1	NC_045512.2	50	TRUE	Detected
SRR14530764	HTP_9_01_2020_INF_unenriched	HTP	2020-09-01	unenriched	Pepper mild mottle virus	Pepper mild mottle virus (reference control)	Virgaviridae	Tobamovirus	Tobamovirus capsici	24443	24443	1	NC_003630.1	1	NC_003630.1	50	TRUE	Detected
SRR14530764	HTP_9_01_2020_INF_unenriched	HTP	2020-09-01	unenriched	Human norovirus	Human norovirus	Caliciviridae	Norovirus	Norovirus norwalkense	3	2	2	NC_039475.1; NC_039476.1	0		50	FALSE	Not detected
SRR14530764	HTP_9_01_2020_INF_unenriched	HTP	2020-09-01	unenriched	Seasonal human coronavirus	Seasonal human coronavirus	Coronaviridae	Alphacoronavirus / Betacoronavirus	multiple species	0	0	0		0		50	FALSE	Not detected
SRR14530764	HTP_9_01_2020_INF_unenriched	HTP	2020-09-01	unenriched	Human adenovirus	Human adenovirus	Adenoviridae	Mastadenovirus	multiple species	0	0	0		0		50	FALSE	Not detected
SRR14530764	HTP_9_01_2020_INF_unenriched	HTP	2020-09-01	unenriched	Influenza A virus	Influenza A virus	Orthomyxoviridae	Alphainfluenzavirus	Alphainfluenzavirus influenzae	0	0	0		0		50	FALSE	Not detected
SRR14530764	HTP_9_01_2020_INF_unenriched	HTP	2020-09-01	unenriched	SARS-CoV-2	SARS-CoV-2	Coronaviridae	Betacoronavirus	Betacoronavirus pandemicum	1	1	1	NC_045512.2	0		50	FALSE	Not detected
SRR14530746	HTP_9_08_2020	HTP	2020-09-08	enriched	Pepper mild mottle virus	Pepper mild mottle virus (reference control)	Virgaviridae	Tobamovirus	Tobamovirus capsici	31320	31320	1	NC_003630.1	1	NC_003630.1	50	TRUE	Detected
SRR14530746	HTP_9_08_2020	HTP	2020-09-08	enriched	Human norovirus	Human norovirus	Caliciviridae	Norovirus	Norovirus norwalkense	1	1	1	NC_039475.1	0		50	FALSE	Not detected
SRR14530746	HTP_9_08_2020	HTP	2020-09-08	enriched	Seasonal human coronavirus	Seasonal human coronavirus	Coronaviridae	Alphacoronavirus / Betacoronavirus	multiple species	24	24	1	NC_006213.1	0		50	FALSE	Not detected
SRR14530746	HTP_9_08_2020	HTP	2020-09-08	enriched	Human adenovirus	Human adenovirus	Adenoviridae	Mastadenovirus	multiple species	1	1	1	NC_001454.1	0		50	FALSE	Not detected
SRR14530746	HTP_9_08_2020	HTP	2020-09-08	enriched	Influenza A virus	Influenza A virus	Orthomyxoviridae	Alphainfluenzavirus	Alphainfluenzavirus influenzae	0	0	0		0		50	FALSE	Not detected
SRR14530746	HTP_9_08_2020	HTP	2020-09-08	enriched	SARS-CoV-2	SARS-CoV-2	Coronaviridae	Betacoronavirus	Betacoronavirus pandemicum	1968	1968	1	NC_045512.2	1	NC_045512.2	50	TRUE	Detected
SRR14530763	HTP_9_08_2020_INF_unenriched	HTP	2020-09-08	unenriched	Pepper mild mottle virus	Pepper mild mottle virus (reference control)	Virgaviridae	Tobamovirus	Tobamovirus capsici	26742	26742	1	NC_003630.1	1	NC_003630.1	50	TRUE	Detected
SRR14530763	HTP_9_08_2020_INF_unenriched	HTP	2020-09-08	unenriched	Human norovirus	Human norovirus	Caliciviridae	Norovirus	Norovirus norwalkense	2	1	2	NC_039897.1; NC_044045.1	0		50	FALSE	Not detected
SRR14530763	HTP_9_08_2020_INF_unenriched	HTP	2020-09-08	unenriched	Seasonal human coronavirus	Seasonal human coronavirus	Coronaviridae	Alphacoronavirus / Betacoronavirus	multiple species	0	0	0		0		50	FALSE	Not detected
SRR14530763	HTP_9_08_2020_INF_unenriched	HTP	2020-09-08	unenriched	Human adenovirus	Human adenovirus	Adenoviridae	Mastadenovirus	multiple species	0	0	0		0		50	FALSE	Not detected
SRR14530763	HTP_9_08_2020_INF_unenriched	HTP	2020-09-08	unenriched	Influenza A virus	Influenza A virus	Orthomyxoviridae	Alphainfluenzavirus	Alphainfluenzavirus influenzae	0	0	0		0		50	FALSE	Not detected
SRR14530763	HTP_9_08_2020_INF_unenriched	HTP	2020-09-08	unenriched	SARS-CoV-2	SARS-CoV-2	Coronaviridae	Betacoronavirus	Betacoronavirus pandemicum	0	0	0		0		50	FALSE	Not detected
SRR14530735	HTP_9_15_2020	HTP	2020-09-15	enriched	Pepper mild mottle virus	Pepper mild mottle virus (reference control)	Virgaviridae	Tobamovirus	Tobamovirus capsici	14826	14826	1	NC_003630.1	1	NC_003630.1	50	TRUE	Detected
SRR14530735	HTP_9_15_2020	HTP	2020-09-15	enriched	Human norovirus	Human norovirus	Caliciviridae	Norovirus	Norovirus norwalkense	6	3	4	NC_001959.2; NC_039477.1; NC_040876.1; NC_044045.1	0		50	FALSE	Not detected
SRR14530735	HTP_9_15_2020	HTP	2020-09-15	enriched	Seasonal human coronavirus	Seasonal human coronavirus	Coronaviridae	Alphacoronavirus / Betacoronavirus	multiple species	204	204	1	NC_006213.1	1	NC_006213.1	50	TRUE	Detected
SRR14530735	HTP_9_15_2020	HTP	2020-09-15	enriched	Human adenovirus	Human adenovirus	Adenoviridae	Mastadenovirus	multiple species	0	0	0		0		50	FALSE	Not detected
SRR14530735	HTP_9_15_2020	HTP	2020-09-15	enriched	Influenza A virus	Influenza A virus	Orthomyxoviridae	Alphainfluenzavirus	Alphainfluenzavirus influenzae	0	0	0		0		50	FALSE	Not detected
SRR14530735	HTP_9_15_2020	HTP	2020-09-15	enriched	SARS-CoV-2	SARS-CoV-2	Coronaviridae	Betacoronavirus	Betacoronavirus pandemicum	6299	6299	1	NC_045512.2	1	NC_045512.2	50	TRUE	Detected
SRR14530762	HTP_9_15_2020_INF_unenriched	HTP	2020-09-15	unenriched	Pepper mild mottle virus	Pepper mild mottle virus (reference control)	Virgaviridae	Tobamovirus	Tobamovirus capsici	18938	18938	1	NC_003630.1	1	NC_003630.1	50	TRUE	Detected
SRR14530762	HTP_9_15_2020_INF_unenriched	HTP	2020-09-15	unenriched	Human norovirus	Human norovirus	Caliciviridae	Norovirus	Norovirus norwalkense	12	4	6	NC_039475.1; NC_039476.1; NC_039477.1; NC_039897.1; NC_040876.1; NC_044854.1	0		50	FALSE	Not detected
SRR14530762	HTP_9_15_2020_INF_unenriched	HTP	2020-09-15	unenriched	Seasonal human coronavirus	Seasonal human coronavirus	Coronaviridae	Alphacoronavirus / Betacoronavirus	multiple species	0	0	0		0		50	FALSE	Not detected
SRR14530762	HTP_9_15_2020_INF_unenriched	HTP	2020-09-15	unenriched	Human adenovirus	Human adenovirus	Adenoviridae	Mastadenovirus	multiple species	0	0	0		0		50	FALSE	Not detected
SRR14530762	HTP_9_15_2020_INF_unenriched	HTP	2020-09-15	unenriched	Influenza A virus	Influenza A virus	Orthomyxoviridae	Alphainfluenzavirus	Alphainfluenzavirus influenzae	0	0	0		0		50	FALSE	Not detected
SRR14530762	HTP_9_15_2020_INF_unenriched	HTP	2020-09-15	unenriched	SARS-CoV-2	SARS-CoV-2	Coronaviridae	Betacoronavirus	Betacoronavirus pandemicum	3	3	1	NC_045512.2	0		50	FALSE	Not detected
SRR14530843	HTP_9_22_2020	HTP	2020-09-22	enriched	Pepper mild mottle virus	Pepper mild mottle virus (reference control)	Virgaviridae	Tobamovirus	Tobamovirus capsici	22003	22003	1	NC_003630.1	1	NC_003630.1	50	TRUE	Detected
SRR14530843	HTP_9_22_2020	HTP	2020-09-22	enriched	Human norovirus	Human norovirus	Caliciviridae	Norovirus	Norovirus norwalkense	5	2	4	NC_039475.1; NC_039476.1; NC_039477.1; NC_044855.1	0		50	FALSE	Not detected
SRR14530843	HTP_9_22_2020	HTP	2020-09-22	enriched	Seasonal human coronavirus	Seasonal human coronavirus	Coronaviridae	Alphacoronavirus / Betacoronavirus	multiple species	5	5	1	NC_006213.1	0		50	FALSE	Not detected
SRR14530843	HTP_9_22_2020	HTP	2020-09-22	enriched	Human adenovirus	Human adenovirus	Adenoviridae	Mastadenovirus	multiple species	0	0	0		0		50	FALSE	Not detected
SRR14530843	HTP_9_22_2020	HTP	2020-09-22	enriched	Influenza A virus	Influenza A virus	Orthomyxoviridae	Alphainfluenzavirus	Alphainfluenzavirus influenzae	0	0	0		0		50	FALSE	Not detected
SRR14530843	HTP_9_22_2020	HTP	2020-09-22	enriched	SARS-CoV-2	SARS-CoV-2	Coronaviridae	Betacoronavirus	Betacoronavirus pandemicum	141	141	1	NC_045512.2	1	NC_045512.2	50	TRUE	Detected
SRR14530881	HTP_9_22_2020_INF_unenriched	HTP	2020-09-22	unenriched	Pepper mild mottle virus	Pepper mild mottle virus (reference control)	Virgaviridae	Tobamovirus	Tobamovirus capsici	185788	185788	1	NC_003630.1	1	NC_003630.1	50	TRUE	Detected
SRR14530881	HTP_9_22_2020_INF_unenriched	HTP	2020-09-22	unenriched	Human norovirus	Human norovirus	Caliciviridae	Norovirus	Norovirus norwalkense	37	11	9	NC_001959.2; NC_029646.1; NC_039475.1; NC_039476.1; NC_039477.1; NC_039897.1; NC_040876.1; NC_044045.1; NC_044855.1	0		50	FALSE	Not detected
SRR14530881	HTP_9_22_2020_INF_unenriched	HTP	2020-09-22	unenriched	Seasonal human coronavirus	Seasonal human coronavirus	Coronaviridae	Alphacoronavirus / Betacoronavirus	multiple species	0	0	0		0		50	FALSE	Not detected
SRR14530881	HTP_9_22_2020_INF_unenriched	HTP	2020-09-22	unenriched	Human adenovirus	Human adenovirus	Adenoviridae	Mastadenovirus	multiple species	0	0	0		0		50	FALSE	Not detected
SRR14530881	HTP_9_22_2020_INF_unenriched	HTP	2020-09-22	unenriched	Influenza A virus	Influenza A virus	Orthomyxoviridae	Alphainfluenzavirus	Alphainfluenzavirus influenzae	0	0	0		0		50	FALSE	Not detected
SRR14530881	HTP_9_22_2020_INF_unenriched	HTP	2020-09-22	unenriched	SARS-CoV-2	SARS-CoV-2	Coronaviridae	Betacoronavirus	Betacoronavirus pandemicum	1	1	1	NC_045512.2	0		50	FALSE	Not detected
SRR14530842	HTP_9_29_2020	HTP	2020-09-29	enriched	Pepper mild mottle virus	Pepper mild mottle virus (reference control)	Virgaviridae	Tobamovirus	Tobamovirus capsici	35460	35460	1	NC_003630.1	1	NC_003630.1	50	TRUE	Detected
SRR14530842	HTP_9_29_2020	HTP	2020-09-29	enriched	Human norovirus	Human norovirus	Caliciviridae	Norovirus	Norovirus norwalkense	6	3	3	NC_039476.1; NC_044045.1; NC_044855.1	0		50	FALSE	Not detected
SRR14530842	HTP_9_29_2020	HTP	2020-09-29	enriched	Seasonal human coronavirus	Seasonal human coronavirus	Coronaviridae	Alphacoronavirus / Betacoronavirus	multiple species	0	0	0		0		50	FALSE	Not detected
SRR14530842	HTP_9_29_2020	HTP	2020-09-29	enriched	Human adenovirus	Human adenovirus	Adenoviridae	Mastadenovirus	multiple species	0	0	0		0		50	FALSE	Not detected
SRR14530842	HTP_9_29_2020	HTP	2020-09-29	enriched	Influenza A virus	Influenza A virus	Orthomyxoviridae	Alphainfluenzavirus	Alphainfluenzavirus influenzae	0	0	0		0		50	FALSE	Not detected
SRR14530842	HTP_9_29_2020	HTP	2020-09-29	enriched	SARS-CoV-2	SARS-CoV-2	Coronaviridae	Betacoronavirus	Betacoronavirus pandemicum	59	59	1	NC_045512.2	1	NC_045512.2	50	TRUE	Detected
SRR14530880	HTP_9_29_2020_INF_unenriched	HTP	2020-09-29	unenriched	Pepper mild mottle virus	Pepper mild mottle virus (reference control)	Virgaviridae	Tobamovirus	Tobamovirus capsici	253274	253274	1	NC_003630.1	1	NC_003630.1	50	TRUE	Detected
SRR14530880	HTP_9_29_2020_INF_unenriched	HTP	2020-09-29	unenriched	Human norovirus	Human norovirus	Caliciviridae	Norovirus	Norovirus norwalkense	56	15	10	NC_029646.1; NC_039475.1; NC_039476.1; NC_039477.1; NC_039897.1; NC_040876.1; NC_044045.1; NC_044854.1; NC_044855.1; NC_044932.1	0		50	FALSE	Not detected
SRR14530880	HTP_9_29_2020_INF_unenriched	HTP	2020-09-29	unenriched	Seasonal human coronavirus	Seasonal human coronavirus	Coronaviridae	Alphacoronavirus / Betacoronavirus	multiple species	0	0	0		0		50	FALSE	Not detected
SRR14530880	HTP_9_29_2020_INF_unenriched	HTP	2020-09-29	unenriched	Human adenovirus	Human adenovirus	Adenoviridae	Mastadenovirus	multiple species	0	0	0		0		50	FALSE	Not detected
SRR14530880	HTP_9_29_2020_INF_unenriched	HTP	2020-09-29	unenriched	Influenza A virus	Influenza A virus	Orthomyxoviridae	Alphainfluenzavirus	Alphainfluenzavirus influenzae	0	0	0		0		50	FALSE	Not detected
SRR14530880	HTP_9_29_2020_INF_unenriched	HTP	2020-09-29	unenriched	SARS-CoV-2	SARS-CoV-2	Coronaviridae	Betacoronavirus	Betacoronavirus pandemicum	0	0	0		0		50	FALSE	Not detected
SRR14530820	HTP_10_02_2020	HTP	2020-10-02	enriched	Pepper mild mottle virus	Pepper mild mottle virus (reference control)	Virgaviridae	Tobamovirus	Tobamovirus capsici	8019	8019	1	NC_003630.1	1	NC_003630.1	50	TRUE	Detected
SRR14530820	HTP_10_02_2020	HTP	2020-10-02	enriched	Human norovirus	Human norovirus	Caliciviridae	Norovirus	Norovirus norwalkense	1	1	1	NC_039477.1	0		50	FALSE	Not detected
SRR14530820	HTP_10_02_2020	HTP	2020-10-02	enriched	Seasonal human coronavirus	Seasonal human coronavirus	Coronaviridae	Alphacoronavirus / Betacoronavirus	multiple species	13	13	1	NC_006213.1	0		50	FALSE	Not detected
SRR14530820	HTP_10_02_2020	HTP	2020-10-02	enriched	Human adenovirus	Human adenovirus	Adenoviridae	Mastadenovirus	multiple species	2	2	1	NC_012959.1	0		50	FALSE	Not detected
SRR14530820	HTP_10_02_2020	HTP	2020-10-02	enriched	Influenza A virus	Influenza A virus	Orthomyxoviridae	Alphainfluenzavirus	Alphainfluenzavirus influenzae	0	0	0		0		50	FALSE	Not detected
SRR14530820	HTP_10_02_2020	HTP	2020-10-02	enriched	SARS-CoV-2	SARS-CoV-2	Coronaviridae	Betacoronavirus	Betacoronavirus pandemicum	771	771	1	NC_045512.2	1	NC_045512.2	50	TRUE	Detected
SRR14530772	HTP_10_02_2020_INF_unenriched	HTP	2020-10-02	unenriched	Pepper mild mottle virus	Pepper mild mottle virus (reference control)	Virgaviridae	Tobamovirus	Tobamovirus capsici	9412	9412	1	NC_003630.1	1	NC_003630.1	50	TRUE	Detected
SRR14530772	HTP_10_02_2020_INF_unenriched	HTP	2020-10-02	unenriched	Human norovirus	Human norovirus	Caliciviridae	Norovirus	Norovirus norwalkense	3	1	3	NC_039476.1; NC_040876.1; NC_044854.1	0		50	FALSE	Not detected
SRR14530772	HTP_10_02_2020_INF_unenriched	HTP	2020-10-02	unenriched	Seasonal human coronavirus	Seasonal human coronavirus	Coronaviridae	Alphacoronavirus / Betacoronavirus	multiple species	0	0	0		0		50	FALSE	Not detected
SRR14530772	HTP_10_02_2020_INF_unenriched	HTP	2020-10-02	unenriched	Human adenovirus	Human adenovirus	Adenoviridae	Mastadenovirus	multiple species	0	0	0		0		50	FALSE	Not detected
SRR14530772	HTP_10_02_2020_INF_unenriched	HTP	2020-10-02	unenriched	Influenza A virus	Influenza A virus	Orthomyxoviridae	Alphainfluenzavirus	Alphainfluenzavirus influenzae	0	0	0		0		50	FALSE	Not detected
SRR14530772	HTP_10_02_2020_INF_unenriched	HTP	2020-10-02	unenriched	SARS-CoV-2	SARS-CoV-2	Coronaviridae	Betacoronavirus	Betacoronavirus pandemicum	1	1	1	NC_045512.2	0		50	FALSE	Not detected
SRR14530819	HTP_10_13_2020	HTP	2020-10-13	enriched	Pepper mild mottle virus	Pepper mild mottle virus (reference control)	Virgaviridae	Tobamovirus	Tobamovirus capsici	10399	10399	1	NC_003630.1	1	NC_003630.1	50	TRUE	Detected
SRR14530819	HTP_10_13_2020	HTP	2020-10-13	enriched	Human norovirus	Human norovirus	Caliciviridae	Norovirus	Norovirus norwalkense	2	1	2	NC_039477.1; NC_040876.1	0		50	FALSE	Not detected
SRR14530819	HTP_10_13_2020	HTP	2020-10-13	enriched	Seasonal human coronavirus	Seasonal human coronavirus	Coronaviridae	Alphacoronavirus / Betacoronavirus	multiple species	13	13	1	NC_006213.1	0		50	FALSE	Not detected
SRR14530819	HTP_10_13_2020	HTP	2020-10-13	enriched	Human adenovirus	Human adenovirus	Adenoviridae	Mastadenovirus	multiple species	1	1	1	AC_000007.1	0		50	FALSE	Not detected
SRR14530819	HTP_10_13_2020	HTP	2020-10-13	enriched	Influenza A virus	Influenza A virus	Orthomyxoviridae	Alphainfluenzavirus	Alphainfluenzavirus influenzae	0	0	0		0		50	FALSE	Not detected
SRR14530819	HTP_10_13_2020	HTP	2020-10-13	enriched	SARS-CoV-2	SARS-CoV-2	Coronaviridae	Betacoronavirus	Betacoronavirus pandemicum	237	237	1	NC_045512.2	1	NC_045512.2	50	TRUE	Detected
SRR14530771	HTP_10_13_2020_INF_unenriched	HTP	2020-10-13	unenriched	Pepper mild mottle virus	Pepper mild mottle virus (reference control)	Virgaviridae	Tobamovirus	Tobamovirus capsici	6666	6666	1	NC_003630.1	1	NC_003630.1	50	TRUE	Detected
SRR14530771	HTP_10_13_2020_INF_unenriched	HTP	2020-10-13	unenriched	Human norovirus	Human norovirus	Caliciviridae	Norovirus	Norovirus norwalkense	3	2	2	NC_039475.1; NC_039477.1	0		50	FALSE	Not detected
SRR14530771	HTP_10_13_2020_INF_unenriched	HTP	2020-10-13	unenriched	Seasonal human coronavirus	Seasonal human coronavirus	Coronaviridae	Alphacoronavirus / Betacoronavirus	multiple species	0	0	0		0		50	FALSE	Not detected
SRR14530771	HTP_10_13_2020_INF_unenriched	HTP	2020-10-13	unenriched	Human adenovirus	Human adenovirus	Adenoviridae	Mastadenovirus	multiple species	0	0	0		0		50	FALSE	Not detected
SRR14530771	HTP_10_13_2020_INF_unenriched	HTP	2020-10-13	unenriched	Influenza A virus	Influenza A virus	Orthomyxoviridae	Alphainfluenzavirus	Alphainfluenzavirus influenzae	0	0	0		0		50	FALSE	Not detected
SRR14530771	HTP_10_13_2020_INF_unenriched	HTP	2020-10-13	unenriched	SARS-CoV-2	SARS-CoV-2	Coronaviridae	Betacoronavirus	Betacoronavirus pandemicum	0	0	0		0		50	FALSE	Not detected
SRR14530812	HTP_10_20_2020	HTP	2020-10-20	enriched	Pepper mild mottle virus	Pepper mild mottle virus (reference control)	Virgaviridae	Tobamovirus	Tobamovirus capsici	7530	7530	1	NC_003630.1	1	NC_003630.1	50	TRUE	Detected
SRR14530812	HTP_10_20_2020	HTP	2020-10-20	enriched	Human norovirus	Human norovirus	Caliciviridae	Norovirus	Norovirus norwalkense	3	2	2	NC_039475.1; NC_039476.1	0		50	FALSE	Not detected
SRR14530812	HTP_10_20_2020	HTP	2020-10-20	enriched	Seasonal human coronavirus	Seasonal human coronavirus	Coronaviridae	Alphacoronavirus / Betacoronavirus	multiple species	0	0	0		0		50	FALSE	Not detected
SRR14530812	HTP_10_20_2020	HTP	2020-10-20	enriched	Human adenovirus	Human adenovirus	Adenoviridae	Mastadenovirus	multiple species	0	0	0		0		50	FALSE	Not detected
SRR14530812	HTP_10_20_2020	HTP	2020-10-20	enriched	Influenza A virus	Influenza A virus	Orthomyxoviridae	Alphainfluenzavirus	Alphainfluenzavirus influenzae	0	0	0		0		50	FALSE	Not detected
SRR14530812	HTP_10_20_2020	HTP	2020-10-20	enriched	SARS-CoV-2	SARS-CoV-2	Coronaviridae	Betacoronavirus	Betacoronavirus pandemicum	131	131	1	NC_045512.2	1	NC_045512.2	50	TRUE	Detected
SRR14530770	HTP_10_20_2020_INF_unenriched	HTP	2020-10-20	unenriched	Pepper mild mottle virus	Pepper mild mottle virus (reference control)	Virgaviridae	Tobamovirus	Tobamovirus capsici	8937	8937	1	NC_003630.1	1	NC_003630.1	50	TRUE	Detected
SRR14530770	HTP_10_20_2020_INF_unenriched	HTP	2020-10-20	unenriched	Human norovirus	Human norovirus	Caliciviridae	Norovirus	Norovirus norwalkense	7	3	3	NC_039475.1; NC_039476.1; NC_044045.1	0		50	FALSE	Not detected
SRR14530770	HTP_10_20_2020_INF_unenriched	HTP	2020-10-20	unenriched	Seasonal human coronavirus	Seasonal human coronavirus	Coronaviridae	Alphacoronavirus / Betacoronavirus	multiple species	0	0	0		0		50	FALSE	Not detected
SRR14530770	HTP_10_20_2020_INF_unenriched	HTP	2020-10-20	unenriched	Human adenovirus	Human adenovirus	Adenoviridae	Mastadenovirus	multiple species	0	0	0		0		50	FALSE	Not detected
SRR14530770	HTP_10_20_2020_INF_unenriched	HTP	2020-10-20	unenriched	Influenza A virus	Influenza A virus	Orthomyxoviridae	Alphainfluenzavirus	Alphainfluenzavirus influenzae	0	0	0		0		50	FALSE	Not detected
SRR14530770	HTP_10_20_2020_INF_unenriched	HTP	2020-10-20	unenriched	SARS-CoV-2	SARS-CoV-2	Coronaviridae	Betacoronavirus	Betacoronavirus pandemicum	0	0	0		0		50	FALSE	Not detected
SRR14530801	HTP_10_27_2020	HTP	2020-10-27	enriched	Pepper mild mottle virus	Pepper mild mottle virus (reference control)	Virgaviridae	Tobamovirus	Tobamovirus capsici	36701	36701	1	NC_003630.1	1	NC_003630.1	50	TRUE	Detected
SRR14530801	HTP_10_27_2020	HTP	2020-10-27	enriched	Human norovirus	Human norovirus	Caliciviridae	Norovirus	Norovirus norwalkense	6	3	3	NC_039475.1; NC_039476.1; NC_039477.1	0		50	FALSE	Not detected
SRR14530801	HTP_10_27_2020	HTP	2020-10-27	enriched	Seasonal human coronavirus	Seasonal human coronavirus	Coronaviridae	Alphacoronavirus / Betacoronavirus	multiple species	0	0	0		0		50	FALSE	Not detected
SRR14530801	HTP_10_27_2020	HTP	2020-10-27	enriched	Human adenovirus	Human adenovirus	Adenoviridae	Mastadenovirus	multiple species	0	0	0		0		50	FALSE	Not detected
SRR14530801	HTP_10_27_2020	HTP	2020-10-27	enriched	Influenza A virus	Influenza A virus	Orthomyxoviridae	Alphainfluenzavirus	Alphainfluenzavirus influenzae	0	0	0		0		50	FALSE	Not detected
SRR14530801	HTP_10_27_2020	HTP	2020-10-27	enriched	SARS-CoV-2	SARS-CoV-2	Coronaviridae	Betacoronavirus	Betacoronavirus pandemicum	740	740	1	NC_045512.2	1	NC_045512.2	50	TRUE	Detected
SRR14530769	HTP_10_27_2020_INF_unenriched	HTP	2020-10-27	unenriched	Pepper mild mottle virus	Pepper mild mottle virus (reference control)	Virgaviridae	Tobamovirus	Tobamovirus capsici	29148	29148	1	NC_003630.1	1	NC_003630.1	50	TRUE	Detected
SRR14530769	HTP_10_27_2020_INF_unenriched	HTP	2020-10-27	unenriched	Human norovirus	Human norovirus	Caliciviridae	Norovirus	Norovirus norwalkense	20	15	4	NC_039475.1; NC_039476.1; NC_040876.1; NC_044045.1	0		50	FALSE	Not detected
SRR14530769	HTP_10_27_2020_INF_unenriched	HTP	2020-10-27	unenriched	Seasonal human coronavirus	Seasonal human coronavirus	Coronaviridae	Alphacoronavirus / Betacoronavirus	multiple species	0	0	0		0		50	FALSE	Not detected
SRR14530769	HTP_10_27_2020_INF_unenriched	HTP	2020-10-27	unenriched	Human adenovirus	Human adenovirus	Adenoviridae	Mastadenovirus	multiple species	0	0	0		0		50	FALSE	Not detected
SRR14530769	HTP_10_27_2020_INF_unenriched	HTP	2020-10-27	unenriched	Influenza A virus	Influenza A virus	Orthomyxoviridae	Alphainfluenzavirus	Alphainfluenzavirus influenzae	0	0	0		0		50	FALSE	Not detected
SRR14530769	HTP_10_27_2020_INF_unenriched	HTP	2020-10-27	unenriched	SARS-CoV-2	SARS-CoV-2	Coronaviridae	Betacoronavirus	Betacoronavirus pandemicum	0	0	0		0		50	FALSE	Not detected
SRR14530847	HTP_11_3_2020	HTP	2020-11-03	enriched	Pepper mild mottle virus	Pepper mild mottle virus (reference control)	Virgaviridae	Tobamovirus	Tobamovirus capsici	23488	23488	1	NC_003630.1	1	NC_003630.1	50	TRUE	Detected
SRR14530847	HTP_11_3_2020	HTP	2020-11-03	enriched	Human norovirus	Human norovirus	Caliciviridae	Norovirus	Norovirus norwalkense	4	2	3	NC_039475.1; NC_039477.1; NC_040876.1	0		50	FALSE	Not detected
SRR14530847	HTP_11_3_2020	HTP	2020-11-03	enriched	Seasonal human coronavirus	Seasonal human coronavirus	Coronaviridae	Alphacoronavirus / Betacoronavirus	multiple species	6	6	1	NC_006213.1	0		50	FALSE	Not detected
SRR14530847	HTP_11_3_2020	HTP	2020-11-03	enriched	Human adenovirus	Human adenovirus	Adenoviridae	Mastadenovirus	multiple species	0	0	0		0		50	FALSE	Not detected
SRR14530847	HTP_11_3_2020	HTP	2020-11-03	enriched	Influenza A virus	Influenza A virus	Orthomyxoviridae	Alphainfluenzavirus	Alphainfluenzavirus influenzae	8	8	1	NC_002016.1	0		50	FALSE	Not detected
SRR14530847	HTP_11_3_2020	HTP	2020-11-03	enriched	SARS-CoV-2	SARS-CoV-2	Coronaviridae	Betacoronavirus	Betacoronavirus pandemicum	1951	1951	1	NC_045512.2	1	NC_045512.2	50	TRUE	Detected
SRR14530888	HTP_11_3_2020_INF_unenriched	HTP	2020-11-03	unenriched	Pepper mild mottle virus	Pepper mild mottle virus (reference control)	Virgaviridae	Tobamovirus	Tobamovirus capsici	150623	150623	1	NC_003630.1	1	NC_003630.1	50	TRUE	Detected
SRR14530888	HTP_11_3_2020_INF_unenriched	HTP	2020-11-03	unenriched	Human norovirus	Human norovirus	Caliciviridae	Norovirus	Norovirus norwalkense	56	20	10	NC_001959.2; NC_029646.1; NC_039475.1; NC_039476.1; NC_039477.1; NC_039897.1; NC_040876.1; NC_044045.1; NC_044855.1; NC_044856.1	0		50	FALSE	Not detected
SRR14530888	HTP_11_3_2020_INF_unenriched	HTP	2020-11-03	unenriched	Seasonal human coronavirus	Seasonal human coronavirus	Coronaviridae	Alphacoronavirus / Betacoronavirus	multiple species	0	0	0		0		50	FALSE	Not detected
SRR14530888	HTP_11_3_2020_INF_unenriched	HTP	2020-11-03	unenriched	Human adenovirus	Human adenovirus	Adenoviridae	Mastadenovirus	multiple species	0	0	0		0		50	FALSE	Not detected
SRR14530888	HTP_11_3_2020_INF_unenriched	HTP	2020-11-03	unenriched	Influenza A virus	Influenza A virus	Orthomyxoviridae	Alphainfluenzavirus	Alphainfluenzavirus influenzae	0	0	0		0		50	FALSE	Not detected
SRR14530888	HTP_11_3_2020_INF_unenriched	HTP	2020-11-03	unenriched	SARS-CoV-2	SARS-CoV-2	Coronaviridae	Betacoronavirus	Betacoronavirus pandemicum	6	6	1	NC_045512.2	0		50	FALSE	Not detected
SRR14530848	HTP_11_24_2020	HTP	2020-11-24	enriched	Pepper mild mottle virus	Pepper mild mottle virus (reference control)	Virgaviridae	Tobamovirus	Tobamovirus capsici	36803	36803	1	NC_003630.1	1	NC_003630.1	50	TRUE	Detected
SRR14530848	HTP_11_24_2020	HTP	2020-11-24	enriched	Human norovirus	Human norovirus	Caliciviridae	Norovirus	Norovirus norwalkense	15	7	4	NC_039475.1; NC_039477.1; NC_039897.1; NC_044045.1	0		50	FALSE	Not detected
SRR14530848	HTP_11_24_2020	HTP	2020-11-24	enriched	Seasonal human coronavirus	Seasonal human coronavirus	Coronaviridae	Alphacoronavirus / Betacoronavirus	multiple species	9	9	1	NC_006213.1	0		50	FALSE	Not detected
SRR14530848	HTP_11_24_2020	HTP	2020-11-24	enriched	Human adenovirus	Human adenovirus	Adenoviridae	Mastadenovirus	multiple species	0	0	0		0		50	FALSE	Not detected
SRR14530848	HTP_11_24_2020	HTP	2020-11-24	enriched	Influenza A virus	Influenza A virus	Orthomyxoviridae	Alphainfluenzavirus	Alphainfluenzavirus influenzae	0	0	0		0		50	FALSE	Not detected
SRR14530848	HTP_11_24_2020	HTP	2020-11-24	enriched	SARS-CoV-2	SARS-CoV-2	Coronaviridae	Betacoronavirus	Betacoronavirus pandemicum	3866	3866	1	NC_045512.2	1	NC_045512.2	50	TRUE	Detected
SRR14530889	HTP_11_24_2020_INF_unenriched	HTP	2020-11-24	unenriched	Pepper mild mottle virus	Pepper mild mottle virus (reference control)	Virgaviridae	Tobamovirus	Tobamovirus capsici	167786	167786	1	NC_003630.1	1	NC_003630.1	50	TRUE	Detected
SRR14530889	HTP_11_24_2020_INF_unenriched	HTP	2020-11-24	unenriched	Human norovirus	Human norovirus	Caliciviridae	Norovirus	Norovirus norwalkense	73	30	8	NC_001959.2; NC_039475.1; NC_039476.1; NC_039477.1; NC_039897.1; NC_040876.1; NC_044045.1; NC_044854.1	0		50	FALSE	Not detected
SRR14530889	HTP_11_24_2020_INF_unenriched	HTP	2020-11-24	unenriched	Seasonal human coronavirus	Seasonal human coronavirus	Coronaviridae	Alphacoronavirus / Betacoronavirus	multiple species	0	0	0		0		50	FALSE	Not detected
SRR14530889	HTP_11_24_2020_INF_unenriched	HTP	2020-11-24	unenriched	Human adenovirus	Human adenovirus	Adenoviridae	Mastadenovirus	multiple species	0	0	0		0		50	FALSE	Not detected
SRR14530889	HTP_11_24_2020_INF_unenriched	HTP	2020-11-24	unenriched	Influenza A virus	Influenza A virus	Orthomyxoviridae	Alphainfluenzavirus	Alphainfluenzavirus influenzae	0	0	0		0		50	FALSE	Not detected
SRR14530889	HTP_11_24_2020_INF_unenriched	HTP	2020-11-24	unenriched	SARS-CoV-2	SARS-CoV-2	Coronaviridae	Betacoronavirus	Betacoronavirus pandemicum	9	9	1	NC_045512.2	0		50	FALSE	Not detected
SRR14530846	HTP_12_04_2020	HTP	2020-12-04	enriched	Pepper mild mottle virus	Pepper mild mottle virus (reference control)	Virgaviridae	Tobamovirus	Tobamovirus capsici	17107	17107	1	NC_003630.1	1	NC_003630.1	50	TRUE	Detected
SRR14530846	HTP_12_04_2020	HTP	2020-12-04	enriched	Human norovirus	Human norovirus	Caliciviridae	Norovirus	Norovirus norwalkense	2	1	2	NC_039476.1; NC_039477.1	0		50	FALSE	Not detected
SRR14530846	HTP_12_04_2020	HTP	2020-12-04	enriched	Seasonal human coronavirus	Seasonal human coronavirus	Coronaviridae	Alphacoronavirus / Betacoronavirus	multiple species	0	0	0		0		50	FALSE	Not detected
SRR14530846	HTP_12_04_2020	HTP	2020-12-04	enriched	Human adenovirus	Human adenovirus	Adenoviridae	Mastadenovirus	multiple species	0	0	0		0		50	FALSE	Not detected
SRR14530846	HTP_12_04_2020	HTP	2020-12-04	enriched	Influenza A virus	Influenza A virus	Orthomyxoviridae	Alphainfluenzavirus	Alphainfluenzavirus influenzae	0	0	0		0		50	FALSE	Not detected
SRR14530846	HTP_12_04_2020	HTP	2020-12-04	enriched	SARS-CoV-2	SARS-CoV-2	Coronaviridae	Betacoronavirus	Betacoronavirus pandemicum	1903	1903	1	NC_045512.2	1	NC_045512.2	50	TRUE	Detected
SRR14530886	HTP_12_04_2020_INF_unenriched	HTP	2020-12-04	unenriched	Pepper mild mottle virus	Pepper mild mottle virus (reference control)	Virgaviridae	Tobamovirus	Tobamovirus capsici	85133	85133	1	NC_003630.1	1	NC_003630.1	50	TRUE	Detected
SRR14530886	HTP_12_04_2020_INF_unenriched	HTP	2020-12-04	unenriched	Human norovirus	Human norovirus	Caliciviridae	Norovirus	Norovirus norwalkense	17	6	4	NC_039475.1; NC_039476.1; NC_039477.1; NC_044045.1	0		50	FALSE	Not detected
SRR14530886	HTP_12_04_2020_INF_unenriched	HTP	2020-12-04	unenriched	Seasonal human coronavirus	Seasonal human coronavirus	Coronaviridae	Alphacoronavirus / Betacoronavirus	multiple species	0	0	0		0		50	FALSE	Not detected
SRR14530886	HTP_12_04_2020_INF_unenriched	HTP	2020-12-04	unenriched	Human adenovirus	Human adenovirus	Adenoviridae	Mastadenovirus	multiple species	0	0	0		0		50	FALSE	Not detected
SRR14530886	HTP_12_04_2020_INF_unenriched	HTP	2020-12-04	unenriched	Influenza A virus	Influenza A virus	Orthomyxoviridae	Alphainfluenzavirus	Alphainfluenzavirus influenzae	0	0	0		0		50	FALSE	Not detected
SRR14530886	HTP_12_04_2020_INF_unenriched	HTP	2020-12-04	unenriched	SARS-CoV-2	SARS-CoV-2	Coronaviridae	Betacoronavirus	Betacoronavirus pandemicum	5	5	1	NC_045512.2	0		50	FALSE	Not detected
SRR14530845	HTP_12_22_2020	HTP	2020-12-22	enriched	Pepper mild mottle virus	Pepper mild mottle virus (reference control)	Virgaviridae	Tobamovirus	Tobamovirus capsici	22263	22263	1	NC_003630.1	1	NC_003630.1	50	TRUE	Detected
SRR14530845	HTP_12_22_2020	HTP	2020-12-22	enriched	Human norovirus	Human norovirus	Caliciviridae	Norovirus	Norovirus norwalkense	6	4	2	NC_039475.1; NC_044045.1	0		50	FALSE	Not detected
SRR14530845	HTP_12_22_2020	HTP	2020-12-22	enriched	Seasonal human coronavirus	Seasonal human coronavirus	Coronaviridae	Alphacoronavirus / Betacoronavirus	multiple species	33	33	1	NC_006213.1	0		50	FALSE	Not detected
SRR14530845	HTP_12_22_2020	HTP	2020-12-22	enriched	Human adenovirus	Human adenovirus	Adenoviridae	Mastadenovirus	multiple species	11	11	1	NC_003266.2	0		50	FALSE	Not detected
SRR14530845	HTP_12_22_2020	HTP	2020-12-22	enriched	Influenza A virus	Influenza A virus	Orthomyxoviridae	Alphainfluenzavirus	Alphainfluenzavirus influenzae	2	2	1	NC_002016.1	0		50	FALSE	Not detected
SRR14530845	HTP_12_22_2020	HTP	2020-12-22	enriched	SARS-CoV-2	SARS-CoV-2	Coronaviridae	Betacoronavirus	Betacoronavirus pandemicum	17172	17172	1	NC_045512.2	1	NC_045512.2	50	TRUE	Detected
SRR14530884	HTP_12_22_2020_INF_unenriched	HTP	2020-12-22	unenriched	Pepper mild mottle virus	Pepper mild mottle virus (reference control)	Virgaviridae	Tobamovirus	Tobamovirus capsici	94475	94475	1	NC_003630.1	1	NC_003630.1	50	TRUE	Detected
SRR14530884	HTP_12_22_2020_INF_unenriched	HTP	2020-12-22	unenriched	Human norovirus	Human norovirus	Caliciviridae	Norovirus	Norovirus norwalkense	45	13	8	NC_029646.1; NC_039475.1; NC_039476.1; NC_039477.1; NC_039897.1; NC_040876.1; NC_044045.1; NC_044856.1	0		50	FALSE	Not detected
SRR14530884	HTP_12_22_2020_INF_unenriched	HTP	2020-12-22	unenriched	Seasonal human coronavirus	Seasonal human coronavirus	Coronaviridae	Alphacoronavirus / Betacoronavirus	multiple species	2	2	1	NC_006213.1	0		50	FALSE	Not detected
SRR14530884	HTP_12_22_2020_INF_unenriched	HTP	2020-12-22	unenriched	Human adenovirus	Human adenovirus	Adenoviridae	Mastadenovirus	multiple species	0	0	0		0		50	FALSE	Not detected
SRR14530884	HTP_12_22_2020_INF_unenriched	HTP	2020-12-22	unenriched	Influenza A virus	Influenza A virus	Orthomyxoviridae	Alphainfluenzavirus	Alphainfluenzavirus influenzae	0	0	0		0		50	FALSE	Not detected
SRR14530884	HTP_12_22_2020_INF_unenriched	HTP	2020-12-22	unenriched	SARS-CoV-2	SARS-CoV-2	Coronaviridae	Betacoronavirus	Betacoronavirus pandemicum	33	33	1	NC_045512.2	0		50	FALSE	Not detected
SRR14530844	HTP_12_29_2020	HTP	2020-12-29	enriched	Pepper mild mottle virus	Pepper mild mottle virus (reference control)	Virgaviridae	Tobamovirus	Tobamovirus capsici	27729	27729	1	NC_003630.1	1	NC_003630.1	50	TRUE	Detected
SRR14530844	HTP_12_29_2020	HTP	2020-12-29	enriched	Human norovirus	Human norovirus	Caliciviridae	Norovirus	Norovirus norwalkense	7	2	4	NC_029646.1; NC_039475.1; NC_039476.1; NC_044045.1	0		50	FALSE	Not detected
SRR14530844	HTP_12_29_2020	HTP	2020-12-29	enriched	Seasonal human coronavirus	Seasonal human coronavirus	Coronaviridae	Alphacoronavirus / Betacoronavirus	multiple species	12	8	2	NC_002645.1; NC_006213.1	0		50	FALSE	Not detected
SRR14530844	HTP_12_29_2020	HTP	2020-12-29	enriched	Human adenovirus	Human adenovirus	Adenoviridae	Mastadenovirus	multiple species	0	0	0		0		50	FALSE	Not detected
SRR14530844	HTP_12_29_2020	HTP	2020-12-29	enriched	Influenza A virus	Influenza A virus	Orthomyxoviridae	Alphainfluenzavirus	Alphainfluenzavirus influenzae	0	0	0		0		50	FALSE	Not detected
SRR14530844	HTP_12_29_2020	HTP	2020-12-29	enriched	SARS-CoV-2	SARS-CoV-2	Coronaviridae	Betacoronavirus	Betacoronavirus pandemicum	40425	40425	1	NC_045512.2	1	NC_045512.2	50	TRUE	Detected
SRR14530882	HTP_12_29_2020_INF_unenriched	HTP	2020-12-29	unenriched	Pepper mild mottle virus	Pepper mild mottle virus (reference control)	Virgaviridae	Tobamovirus	Tobamovirus capsici	194984	194984	1	NC_003630.1	1	NC_003630.1	50	TRUE	Detected
SRR14530882	HTP_12_29_2020_INF_unenriched	HTP	2020-12-29	unenriched	Human norovirus	Human norovirus	Caliciviridae	Norovirus	Norovirus norwalkense	89	42	10	NC_001959.2; NC_029646.1; NC_039475.1; NC_039476.1; NC_039477.1; NC_039897.1; NC_040876.1; NC_044045.1; NC_044855.1; NC_044932.1	0		50	FALSE	Not detected
SRR14530882	HTP_12_29_2020_INF_unenriched	HTP	2020-12-29	unenriched	Seasonal human coronavirus	Seasonal human coronavirus	Coronaviridae	Alphacoronavirus / Betacoronavirus	multiple species	0	0	0		0		50	FALSE	Not detected
SRR14530882	HTP_12_29_2020_INF_unenriched	HTP	2020-12-29	unenriched	Human adenovirus	Human adenovirus	Adenoviridae	Mastadenovirus	multiple species	0	0	0		0		50	FALSE	Not detected
SRR14530882	HTP_12_29_2020_INF_unenriched	HTP	2020-12-29	unenriched	Influenza A virus	Influenza A virus	Orthomyxoviridae	Alphainfluenzavirus	Alphainfluenzavirus influenzae	0	0	0		0		50	FALSE	Not detected
SRR14530882	HTP_12_29_2020_INF_unenriched	HTP	2020-12-29	unenriched	SARS-CoV-2	SARS-CoV-2	Coronaviridae	Betacoronavirus	Betacoronavirus pandemicum	75	75	1	NC_045512.2	1	NC_045512.2	50	TRUE	Detected
SRR14530849	HTP_01_03_2021	HTP	2021-01-03	enriched	Pepper mild mottle virus	Pepper mild mottle virus (reference control)	Virgaviridae	Tobamovirus	Tobamovirus capsici	36213	36213	1	NC_003630.1	1	NC_003630.1	50	TRUE	Detected
SRR14530849	HTP_01_03_2021	HTP	2021-01-03	enriched	Human norovirus	Human norovirus	Caliciviridae	Norovirus	Norovirus norwalkense	3	1	3	NC_001959.2; NC_039475.1; NC_039477.1	0		50	FALSE	Not detected
SRR14530849	HTP_01_03_2021	HTP	2021-01-03	enriched	Seasonal human coronavirus	Seasonal human coronavirus	Coronaviridae	Alphacoronavirus / Betacoronavirus	multiple species	2	2	1	NC_006213.1	0		50	FALSE	Not detected
SRR14530849	HTP_01_03_2021	HTP	2021-01-03	enriched	Human adenovirus	Human adenovirus	Adenoviridae	Mastadenovirus	multiple species	0	0	0		0		50	FALSE	Not detected
SRR14530849	HTP_01_03_2021	HTP	2021-01-03	enriched	Influenza A virus	Influenza A virus	Orthomyxoviridae	Alphainfluenzavirus	Alphainfluenzavirus influenzae	0	0	0		0		50	FALSE	Not detected
SRR14530849	HTP_01_03_2021	HTP	2021-01-03	enriched	SARS-CoV-2	SARS-CoV-2	Coronaviridae	Betacoronavirus	Betacoronavirus pandemicum	6107	6107	1	NC_045512.2	1	NC_045512.2	50	TRUE	Detected
SRR14530891	HTP_01_03_2021_INF_unenriched	HTP	2021-01-03	unenriched	Pepper mild mottle virus	Pepper mild mottle virus (reference control)	Virgaviridae	Tobamovirus	Tobamovirus capsici	207353	207353	1	NC_003630.1	1	NC_003630.1	50	TRUE	Detected
SRR14530891	HTP_01_03_2021_INF_unenriched	HTP	2021-01-03	unenriched	Human norovirus	Human norovirus	Caliciviridae	Norovirus	Norovirus norwalkense	53	17	8	NC_029646.1; NC_039475.1; NC_039476.1; NC_039477.1; NC_039897.1; NC_044045.1; NC_044855.1; NC_044856.1	0		50	FALSE	Not detected
SRR14530891	HTP_01_03_2021_INF_unenriched	HTP	2021-01-03	unenriched	Seasonal human coronavirus	Seasonal human coronavirus	Coronaviridae	Alphacoronavirus / Betacoronavirus	multiple species	0	0	0		0		50	FALSE	Not detected
SRR14530891	HTP_01_03_2021_INF_unenriched	HTP	2021-01-03	unenriched	Human adenovirus	Human adenovirus	Adenoviridae	Mastadenovirus	multiple species	0	0	0		0		50	FALSE	Not detected
SRR14530891	HTP_01_03_2021_INF_unenriched	HTP	2021-01-03	unenriched	Influenza A virus	Influenza A virus	Orthomyxoviridae	Alphainfluenzavirus	Alphainfluenzavirus influenzae	0	0	0		0		50	FALSE	Not detected
SRR14530891	HTP_01_03_2021_INF_unenriched	HTP	2021-01-03	unenriched	SARS-CoV-2	SARS-CoV-2	Coronaviridae	Betacoronavirus	Betacoronavirus pandemicum	26	26	1	NC_045512.2	0		50	FALSE	Not detected
SRR14530794	PL_8_13_2020	PL	2020-08-13	enriched	Pepper mild mottle virus	Pepper mild mottle virus (reference control)	Virgaviridae	Tobamovirus	Tobamovirus capsici	1784	1784	1	NC_003630.1	1	NC_003630.1	50	TRUE	Detected
SRR14530794	PL_8_13_2020	PL	2020-08-13	enriched	Human norovirus	Human norovirus	Caliciviridae	Norovirus	Norovirus norwalkense	0	0	0		0		50	FALSE	Not detected
SRR14530794	PL_8_13_2020	PL	2020-08-13	enriched	Seasonal human coronavirus	Seasonal human coronavirus	Coronaviridae	Alphacoronavirus / Betacoronavirus	multiple species	0	0	0		0		50	FALSE	Not detected
SRR14530794	PL_8_13_2020	PL	2020-08-13	enriched	Human adenovirus	Human adenovirus	Adenoviridae	Mastadenovirus	multiple species	0	0	0		0		50	FALSE	Not detected
SRR14530794	PL_8_13_2020	PL	2020-08-13	enriched	Influenza A virus	Influenza A virus	Orthomyxoviridae	Alphainfluenzavirus	Alphainfluenzavirus influenzae	1	1	1	NC_002020.1	0		50	FALSE	Not detected
SRR14530794	PL_8_13_2020	PL	2020-08-13	enriched	SARS-CoV-2	SARS-CoV-2	Coronaviridae	Betacoronavirus	Betacoronavirus pandemicum	0	0	0		0		50	FALSE	Not detected
SRR14530732	PL_8_13_2020_INF_unenriched	PL	2020-08-13	unenriched	Pepper mild mottle virus	Pepper mild mottle virus (reference control)	Virgaviridae	Tobamovirus	Tobamovirus capsici	753	753	1	NC_003630.1	1	NC_003630.1	50	TRUE	Detected
SRR14530732	PL_8_13_2020_INF_unenriched	PL	2020-08-13	unenriched	Human norovirus	Human norovirus	Caliciviridae	Norovirus	Norovirus norwalkense	0	0	0		0		50	FALSE	Not detected
SRR14530732	PL_8_13_2020_INF_unenriched	PL	2020-08-13	unenriched	Seasonal human coronavirus	Seasonal human coronavirus	Coronaviridae	Alphacoronavirus / Betacoronavirus	multiple species	0	0	0		0		50	FALSE	Not detected
SRR14530732	PL_8_13_2020_INF_unenriched	PL	2020-08-13	unenriched	Human adenovirus	Human adenovirus	Adenoviridae	Mastadenovirus	multiple species	0	0	0		0		50	FALSE	Not detected
SRR14530732	PL_8_13_2020_INF_unenriched	PL	2020-08-13	unenriched	Influenza A virus	Influenza A virus	Orthomyxoviridae	Alphainfluenzavirus	Alphainfluenzavirus influenzae	0	0	0		0		50	FALSE	Not detected
SRR14530732	PL_8_13_2020_INF_unenriched	PL	2020-08-13	unenriched	SARS-CoV-2	SARS-CoV-2	Coronaviridae	Betacoronavirus	Betacoronavirus pandemicum	0	0	0		0		50	FALSE	Not detected
SRR14530793	PL_8_27_2020	PL	2020-08-27	enriched	Pepper mild mottle virus	Pepper mild mottle virus (reference control)	Virgaviridae	Tobamovirus	Tobamovirus capsici	1147	1147	1	NC_003630.1	1	NC_003630.1	50	TRUE	Detected
SRR14530793	PL_8_27_2020	PL	2020-08-27	enriched	Human norovirus	Human norovirus	Caliciviridae	Norovirus	Norovirus norwalkense	0	0	0		0		50	FALSE	Not detected
SRR14530793	PL_8_27_2020	PL	2020-08-27	enriched	Seasonal human coronavirus	Seasonal human coronavirus	Coronaviridae	Alphacoronavirus / Betacoronavirus	multiple species	0	0	0		0		50	FALSE	Not detected
SRR14530793	PL_8_27_2020	PL	2020-08-27	enriched	Human adenovirus	Human adenovirus	Adenoviridae	Mastadenovirus	multiple species	0	0	0		0		50	FALSE	Not detected
SRR14530793	PL_8_27_2020	PL	2020-08-27	enriched	Influenza A virus	Influenza A virus	Orthomyxoviridae	Alphainfluenzavirus	Alphainfluenzavirus influenzae	0	0	0		0		50	FALSE	Not detected
SRR14530793	PL_8_27_2020	PL	2020-08-27	enriched	SARS-CoV-2	SARS-CoV-2	Coronaviridae	Betacoronavirus	Betacoronavirus pandemicum	0	0	0		0		50	FALSE	Not detected
SRR14530731	PL_8_27_2020_INF_unenriched	PL	2020-08-27	unenriched	Pepper mild mottle virus	Pepper mild mottle virus (reference control)	Virgaviridae	Tobamovirus	Tobamovirus capsici	548	548	1	NC_003630.1	1	NC_003630.1	50	TRUE	Detected
SRR14530731	PL_8_27_2020_INF_unenriched	PL	2020-08-27	unenriched	Human norovirus	Human norovirus	Caliciviridae	Norovirus	Norovirus norwalkense	0	0	0		0		50	FALSE	Not detected
SRR14530731	PL_8_27_2020_INF_unenriched	PL	2020-08-27	unenriched	Seasonal human coronavirus	Seasonal human coronavirus	Coronaviridae	Alphacoronavirus / Betacoronavirus	multiple species	0	0	0		0		50	FALSE	Not detected
SRR14530731	PL_8_27_2020_INF_unenriched	PL	2020-08-27	unenriched	Human adenovirus	Human adenovirus	Adenoviridae	Mastadenovirus	multiple species	0	0	0		0		50	FALSE	Not detected
SRR14530731	PL_8_27_2020_INF_unenriched	PL	2020-08-27	unenriched	Influenza A virus	Influenza A virus	Orthomyxoviridae	Alphainfluenzavirus	Alphainfluenzavirus influenzae	0	0	0		0		50	FALSE	Not detected
SRR14530731	PL_8_27_2020_INF_unenriched	PL	2020-08-27	unenriched	SARS-CoV-2	SARS-CoV-2	Coronaviridae	Betacoronavirus	Betacoronavirus pandemicum	0	0	0		0		50	FALSE	Not detected
SRR14530792	PL_9_10_2020	PL	2020-09-10	enriched	Pepper mild mottle virus	Pepper mild mottle virus (reference control)	Virgaviridae	Tobamovirus	Tobamovirus capsici	2165	2165	1	NC_003630.1	1	NC_003630.1	50	TRUE	Detected
SRR14530792	PL_9_10_2020	PL	2020-09-10	enriched	Human norovirus	Human norovirus	Caliciviridae	Norovirus	Norovirus norwalkense	0	0	0		0		50	FALSE	Not detected
SRR14530792	PL_9_10_2020	PL	2020-09-10	enriched	Seasonal human coronavirus	Seasonal human coronavirus	Coronaviridae	Alphacoronavirus / Betacoronavirus	multiple species	0	0	0		0		50	FALSE	Not detected
SRR14530792	PL_9_10_2020	PL	2020-09-10	enriched	Human adenovirus	Human adenovirus	Adenoviridae	Mastadenovirus	multiple species	1	1	1	NC_010956.1	0		50	FALSE	Not detected
SRR14530792	PL_9_10_2020	PL	2020-09-10	enriched	Influenza A virus	Influenza A virus	Orthomyxoviridae	Alphainfluenzavirus	Alphainfluenzavirus influenzae	0	0	0		0		50	FALSE	Not detected
SRR14530792	PL_9_10_2020	PL	2020-09-10	enriched	SARS-CoV-2	SARS-CoV-2	Coronaviridae	Betacoronavirus	Betacoronavirus pandemicum	4	4	1	NC_045512.2	0		50	FALSE	Not detected
SRR14530730	PL_9_10_2020_INF_unenriched	PL	2020-09-10	unenriched	Pepper mild mottle virus	Pepper mild mottle virus (reference control)	Virgaviridae	Tobamovirus	Tobamovirus capsici	2743	2743	1	NC_003630.1	1	NC_003630.1	50	TRUE	Detected
SRR14530730	PL_9_10_2020_INF_unenriched	PL	2020-09-10	unenriched	Human norovirus	Human norovirus	Caliciviridae	Norovirus	Norovirus norwalkense	0	0	0		0		50	FALSE	Not detected
SRR14530730	PL_9_10_2020_INF_unenriched	PL	2020-09-10	unenriched	Seasonal human coronavirus	Seasonal human coronavirus	Coronaviridae	Alphacoronavirus / Betacoronavirus	multiple species	0	0	0		0		50	FALSE	Not detected
SRR14530730	PL_9_10_2020_INF_unenriched	PL	2020-09-10	unenriched	Human adenovirus	Human adenovirus	Adenoviridae	Mastadenovirus	multiple species	0	0	0		0		50	FALSE	Not detected
SRR14530730	PL_9_10_2020_INF_unenriched	PL	2020-09-10	unenriched	Influenza A virus	Influenza A virus	Orthomyxoviridae	Alphainfluenzavirus	Alphainfluenzavirus influenzae	0	0	0		0		50	FALSE	Not detected
SRR14530730	PL_9_10_2020_INF_unenriched	PL	2020-09-10	unenriched	SARS-CoV-2	SARS-CoV-2	Coronaviridae	Betacoronavirus	Betacoronavirus pandemicum	0	0	0		0		50	FALSE	Not detected
SRR14530791	PL_9_24_2020	PL	2020-09-24	enriched	Pepper mild mottle virus	Pepper mild mottle virus (reference control)	Virgaviridae	Tobamovirus	Tobamovirus capsici	1011	1011	1	NC_003630.1	1	NC_003630.1	50	TRUE	Detected
SRR14530791	PL_9_24_2020	PL	2020-09-24	enriched	Human norovirus	Human norovirus	Caliciviridae	Norovirus	Norovirus norwalkense	2	2	1	NC_044045.1	0		50	FALSE	Not detected
SRR14530791	PL_9_24_2020	PL	2020-09-24	enriched	Seasonal human coronavirus	Seasonal human coronavirus	Coronaviridae	Alphacoronavirus / Betacoronavirus	multiple species	0	0	0		0		50	FALSE	Not detected
SRR14530791	PL_9_24_2020	PL	2020-09-24	enriched	Human adenovirus	Human adenovirus	Adenoviridae	Mastadenovirus	multiple species	0	0	0		0		50	FALSE	Not detected
SRR14530791	PL_9_24_2020	PL	2020-09-24	enriched	Influenza A virus	Influenza A virus	Orthomyxoviridae	Alphainfluenzavirus	Alphainfluenzavirus influenzae	18	18	1	NC_002020.1	0		50	FALSE	Not detected
SRR14530791	PL_9_24_2020	PL	2020-09-24	enriched	SARS-CoV-2	SARS-CoV-2	Coronaviridae	Betacoronavirus	Betacoronavirus pandemicum	0	0	0		0		50	FALSE	Not detected
SRR14530729	PL_9_24_2020_INF_unenriched	PL	2020-09-24	unenriched	Pepper mild mottle virus	Pepper mild mottle virus (reference control)	Virgaviridae	Tobamovirus	Tobamovirus capsici	341	341	1	NC_003630.1	1	NC_003630.1	50	TRUE	Detected
SRR14530729	PL_9_24_2020_INF_unenriched	PL	2020-09-24	unenriched	Human norovirus	Human norovirus	Caliciviridae	Norovirus	Norovirus norwalkense	0	0	0		0		50	FALSE	Not detected
SRR14530729	PL_9_24_2020_INF_unenriched	PL	2020-09-24	unenriched	Seasonal human coronavirus	Seasonal human coronavirus	Coronaviridae	Alphacoronavirus / Betacoronavirus	multiple species	0	0	0		0		50	FALSE	Not detected
SRR14530729	PL_9_24_2020_INF_unenriched	PL	2020-09-24	unenriched	Human adenovirus	Human adenovirus	Adenoviridae	Mastadenovirus	multiple species	0	0	0		0		50	FALSE	Not detected
SRR14530729	PL_9_24_2020_INF_unenriched	PL	2020-09-24	unenriched	Influenza A virus	Influenza A virus	Orthomyxoviridae	Alphainfluenzavirus	Alphainfluenzavirus influenzae	0	0	0		0		50	FALSE	Not detected
SRR14530729	PL_9_24_2020_INF_unenriched	PL	2020-09-24	unenriched	SARS-CoV-2	SARS-CoV-2	Coronaviridae	Betacoronavirus	Betacoronavirus pandemicum	0	0	0		0		50	FALSE	Not detected
SRR14530795	PL_10_22_2020	PL	2020-10-22	enriched	Pepper mild mottle virus	Pepper mild mottle virus (reference control)	Virgaviridae	Tobamovirus	Tobamovirus capsici	401	401	1	NC_003630.1	1	NC_003630.1	50	TRUE	Detected
SRR14530795	PL_10_22_2020	PL	2020-10-22	enriched	Human norovirus	Human norovirus	Caliciviridae	Norovirus	Norovirus norwalkense	0	0	0		0		50	FALSE	Not detected
SRR14530795	PL_10_22_2020	PL	2020-10-22	enriched	Seasonal human coronavirus	Seasonal human coronavirus	Coronaviridae	Alphacoronavirus / Betacoronavirus	multiple species	0	0	0		0		50	FALSE	Not detected
SRR14530795	PL_10_22_2020	PL	2020-10-22	enriched	Human adenovirus	Human adenovirus	Adenoviridae	Mastadenovirus	multiple species	0	0	0		0		50	FALSE	Not detected
SRR14530795	PL_10_22_2020	PL	2020-10-22	enriched	Influenza A virus	Influenza A virus	Orthomyxoviridae	Alphainfluenzavirus	Alphainfluenzavirus influenzae	0	0	0		0		50	FALSE	Not detected
SRR14530795	PL_10_22_2020	PL	2020-10-22	enriched	SARS-CoV-2	SARS-CoV-2	Coronaviridae	Betacoronavirus	Betacoronavirus pandemicum	0	0	0		0		50	FALSE	Not detected
SRR14530733	PL_10_22_2020_INF_unenriched	PL	2020-10-22	unenriched	Pepper mild mottle virus	Pepper mild mottle virus (reference control)	Virgaviridae	Tobamovirus	Tobamovirus capsici	388	388	1	NC_003630.1	1	NC_003630.1	50	TRUE	Detected
SRR14530733	PL_10_22_2020_INF_unenriched	PL	2020-10-22	unenriched	Human norovirus	Human norovirus	Caliciviridae	Norovirus	Norovirus norwalkense	0	0	0		0		50	FALSE	Not detected
SRR14530733	PL_10_22_2020_INF_unenriched	PL	2020-10-22	unenriched	Seasonal human coronavirus	Seasonal human coronavirus	Coronaviridae	Alphacoronavirus / Betacoronavirus	multiple species	0	0	0		0		50	FALSE	Not detected
SRR14530733	PL_10_22_2020_INF_unenriched	PL	2020-10-22	unenriched	Human adenovirus	Human adenovirus	Adenoviridae	Mastadenovirus	multiple species	0	0	0		0		50	FALSE	Not detected
SRR14530733	PL_10_22_2020_INF_unenriched	PL	2020-10-22	unenriched	Influenza A virus	Influenza A virus	Orthomyxoviridae	Alphainfluenzavirus	Alphainfluenzavirus influenzae	0	0	0		0		50	FALSE	Not detected
SRR14530733	PL_10_22_2020_INF_unenriched	PL	2020-10-22	unenriched	SARS-CoV-2	SARS-CoV-2	Coronaviridae	Betacoronavirus	Betacoronavirus pandemicum	0	0	0		0		50	FALSE	Not detected
SRR14530827	PL_11_5_2020	PL	2020-11-05	enriched	Pepper mild mottle virus	Pepper mild mottle virus (reference control)	Virgaviridae	Tobamovirus	Tobamovirus capsici	1520	1520	1	NC_003630.1	1	NC_003630.1	50	TRUE	Detected
SRR14530827	PL_11_5_2020	PL	2020-11-05	enriched	Human norovirus	Human norovirus	Caliciviridae	Norovirus	Norovirus norwalkense	0	0	0		0		50	FALSE	Not detected
SRR14530827	PL_11_5_2020	PL	2020-11-05	enriched	Seasonal human coronavirus	Seasonal human coronavirus	Coronaviridae	Alphacoronavirus / Betacoronavirus	multiple species	0	0	0		0		50	FALSE	Not detected
SRR14530827	PL_11_5_2020	PL	2020-11-05	enriched	Human adenovirus	Human adenovirus	Adenoviridae	Mastadenovirus	multiple species	0	0	0		0		50	FALSE	Not detected
SRR14530827	PL_11_5_2020	PL	2020-11-05	enriched	Influenza A virus	Influenza A virus	Orthomyxoviridae	Alphainfluenzavirus	Alphainfluenzavirus influenzae	0	0	0		0		50	FALSE	Not detected
SRR14530827	PL_11_5_2020	PL	2020-11-05	enriched	SARS-CoV-2	SARS-CoV-2	Coronaviridae	Betacoronavirus	Betacoronavirus pandemicum	1	1	1	NC_045512.2	0		50	FALSE	Not detected
SRR14530860	PL_11_5_2020_INF_unenriched	PL	2020-11-05	unenriched	Pepper mild mottle virus	Pepper mild mottle virus (reference control)	Virgaviridae	Tobamovirus	Tobamovirus capsici	6356	6356	1	NC_003630.1	1	NC_003630.1	50	TRUE	Detected
SRR14530860	PL_11_5_2020_INF_unenriched	PL	2020-11-05	unenriched	Human norovirus	Human norovirus	Caliciviridae	Norovirus	Norovirus norwalkense	1	1	1	NC_044045.1	0		50	FALSE	Not detected
SRR14530860	PL_11_5_2020_INF_unenriched	PL	2020-11-05	unenriched	Seasonal human coronavirus	Seasonal human coronavirus	Coronaviridae	Alphacoronavirus / Betacoronavirus	multiple species	0	0	0		0		50	FALSE	Not detected
SRR14530860	PL_11_5_2020_INF_unenriched	PL	2020-11-05	unenriched	Human adenovirus	Human adenovirus	Adenoviridae	Mastadenovirus	multiple species	0	0	0		0		50	FALSE	Not detected
SRR14530860	PL_11_5_2020_INF_unenriched	PL	2020-11-05	unenriched	Influenza A virus	Influenza A virus	Orthomyxoviridae	Alphainfluenzavirus	Alphainfluenzavirus influenzae	0	0	0		0		50	FALSE	Not detected
SRR14530860	PL_11_5_2020_INF_unenriched	PL	2020-11-05	unenriched	SARS-CoV-2	SARS-CoV-2	Coronaviridae	Betacoronavirus	Betacoronavirus pandemicum	0	0	0		0		50	FALSE	Not detected
SRR14530830	PL_11_29_2020	PL	2020-11-29	enriched	Pepper mild mottle virus	Pepper mild mottle virus (reference control)	Virgaviridae	Tobamovirus	Tobamovirus capsici	22939	22939	1	NC_003630.1	1	NC_003630.1	50	TRUE	Detected
SRR14530830	PL_11_29_2020	PL	2020-11-29	enriched	Human norovirus	Human norovirus	Caliciviridae	Norovirus	Norovirus norwalkense	1	1	1	NC_039476.1	0		50	FALSE	Not detected
SRR14530830	PL_11_29_2020	PL	2020-11-29	enriched	Seasonal human coronavirus	Seasonal human coronavirus	Coronaviridae	Alphacoronavirus / Betacoronavirus	multiple species	0	0	0		0		50	FALSE	Not detected
SRR14530830	PL_11_29_2020	PL	2020-11-29	enriched	Human adenovirus	Human adenovirus	Adenoviridae	Mastadenovirus	multiple species	0	0	0		0		50	FALSE	Not detected
SRR14530830	PL_11_29_2020	PL	2020-11-29	enriched	Influenza A virus	Influenza A virus	Orthomyxoviridae	Alphainfluenzavirus	Alphainfluenzavirus influenzae	0	0	0		0		50	FALSE	Not detected
SRR14530830	PL_11_29_2020	PL	2020-11-29	enriched	SARS-CoV-2	SARS-CoV-2	Coronaviridae	Betacoronavirus	Betacoronavirus pandemicum	619	619	1	NC_045512.2	1	NC_045512.2	50	TRUE	Detected
SRR14530863	PL_11_29_2020_INF_unenriched	PL	2020-11-29	unenriched	Pepper mild mottle virus	Pepper mild mottle virus (reference control)	Virgaviridae	Tobamovirus	Tobamovirus capsici	103864	103864	1	NC_003630.1	1	NC_003630.1	50	TRUE	Detected
SRR14530863	PL_11_29_2020_INF_unenriched	PL	2020-11-29	unenriched	Human norovirus	Human norovirus	Caliciviridae	Norovirus	Norovirus norwalkense	35	17	7	NC_001959.2; NC_039476.1; NC_039477.1; NC_039897.1; NC_040876.1; NC_044045.1; NC_044854.1	0		50	FALSE	Not detected
SRR14530863	PL_11_29_2020_INF_unenriched	PL	2020-11-29	unenriched	Seasonal human coronavirus	Seasonal human coronavirus	Coronaviridae	Alphacoronavirus / Betacoronavirus	multiple species	0	0	0		0		50	FALSE	Not detected
SRR14530863	PL_11_29_2020_INF_unenriched	PL	2020-11-29	unenriched	Human adenovirus	Human adenovirus	Adenoviridae	Mastadenovirus	multiple species	0	0	0		0		50	FALSE	Not detected
SRR14530863	PL_11_29_2020_INF_unenriched	PL	2020-11-29	unenriched	Influenza A virus	Influenza A virus	Orthomyxoviridae	Alphainfluenzavirus	Alphainfluenzavirus influenzae	0	0	0		0		50	FALSE	Not detected
SRR14530863	PL_11_29_2020_INF_unenriched	PL	2020-11-29	unenriched	SARS-CoV-2	SARS-CoV-2	Coronaviridae	Betacoronavirus	Betacoronavirus pandemicum	0	0	0		0		50	FALSE	Not detected
SRR14530829	PL_11_30_2020	PL	2020-11-30	enriched	Pepper mild mottle virus	Pepper mild mottle virus (reference control)	Virgaviridae	Tobamovirus	Tobamovirus capsici	15633	15633	1	NC_003630.1	1	NC_003630.1	50	TRUE	Detected
SRR14530829	PL_11_30_2020	PL	2020-11-30	enriched	Human norovirus	Human norovirus	Caliciviridae	Norovirus	Norovirus norwalkense	8	3	3	NC_039475.1; NC_039477.1; NC_044045.1	0		50	FALSE	Not detected
SRR14530829	PL_11_30_2020	PL	2020-11-30	enriched	Seasonal human coronavirus	Seasonal human coronavirus	Coronaviridae	Alphacoronavirus / Betacoronavirus	multiple species	0	0	0		0		50	FALSE	Not detected
SRR14530829	PL_11_30_2020	PL	2020-11-30	enriched	Human adenovirus	Human adenovirus	Adenoviridae	Mastadenovirus	multiple species	0	0	0		0		50	FALSE	Not detected
SRR14530829	PL_11_30_2020	PL	2020-11-30	enriched	Influenza A virus	Influenza A virus	Orthomyxoviridae	Alphainfluenzavirus	Alphainfluenzavirus influenzae	0	0	0		0		50	FALSE	Not detected
SRR14530829	PL_11_30_2020	PL	2020-11-30	enriched	SARS-CoV-2	SARS-CoV-2	Coronaviridae	Betacoronavirus	Betacoronavirus pandemicum	70	70	1	NC_045512.2	1	NC_045512.2	50	TRUE	Detected
SRR14530862	PL_11_30_2020_INF_unenriched	PL	2020-11-30	unenriched	Pepper mild mottle virus	Pepper mild mottle virus (reference control)	Virgaviridae	Tobamovirus	Tobamovirus capsici	96728	96728	1	NC_003630.1	1	NC_003630.1	50	TRUE	Detected
SRR14530862	PL_11_30_2020_INF_unenriched	PL	2020-11-30	unenriched	Human norovirus	Human norovirus	Caliciviridae	Norovirus	Norovirus norwalkense	33	14	7	NC_001959.2; NC_039475.1; NC_039476.1; NC_039477.1; NC_039897.1; NC_044045.1; NC_044855.1	0		50	FALSE	Not detected
SRR14530862	PL_11_30_2020_INF_unenriched	PL	2020-11-30	unenriched	Seasonal human coronavirus	Seasonal human coronavirus	Coronaviridae	Alphacoronavirus / Betacoronavirus	multiple species	0	0	0		0		50	FALSE	Not detected
SRR14530862	PL_11_30_2020_INF_unenriched	PL	2020-11-30	unenriched	Human adenovirus	Human adenovirus	Adenoviridae	Mastadenovirus	multiple species	0	0	0		0		50	FALSE	Not detected
SRR14530862	PL_11_30_2020_INF_unenriched	PL	2020-11-30	unenriched	Influenza A virus	Influenza A virus	Orthomyxoviridae	Alphainfluenzavirus	Alphainfluenzavirus influenzae	0	0	0		0		50	FALSE	Not detected
SRR14530862	PL_11_30_2020_INF_unenriched	PL	2020-11-30	unenriched	SARS-CoV-2	SARS-CoV-2	Coronaviridae	Betacoronavirus	Betacoronavirus pandemicum	0	0	0		0		50	FALSE	Not detected
SRR14530826	PL_12_14_2020	PL	2020-12-14	enriched	Pepper mild mottle virus	Pepper mild mottle virus (reference control)	Virgaviridae	Tobamovirus	Tobamovirus capsici	15793	15793	1	NC_003630.1	1	NC_003630.1	50	TRUE	Detected
SRR14530826	PL_12_14_2020	PL	2020-12-14	enriched	Human norovirus	Human norovirus	Caliciviridae	Norovirus	Norovirus norwalkense	1	1	1	NC_039477.1	0		50	FALSE	Not detected
SRR14530826	PL_12_14_2020	PL	2020-12-14	enriched	Seasonal human coronavirus	Seasonal human coronavirus	Coronaviridae	Alphacoronavirus / Betacoronavirus	multiple species	0	0	0		0		50	FALSE	Not detected
SRR14530826	PL_12_14_2020	PL	2020-12-14	enriched	Human adenovirus	Human adenovirus	Adenoviridae	Mastadenovirus	multiple species	0	0	0		0		50	FALSE	Not detected
SRR14530826	PL_12_14_2020	PL	2020-12-14	enriched	Influenza A virus	Influenza A virus	Orthomyxoviridae	Alphainfluenzavirus	Alphainfluenzavirus influenzae	0	0	0		0		50	FALSE	Not detected
SRR14530826	PL_12_14_2020	PL	2020-12-14	enriched	SARS-CoV-2	SARS-CoV-2	Coronaviridae	Betacoronavirus	Betacoronavirus pandemicum	440	440	1	NC_045512.2	1	NC_045512.2	50	TRUE	Detected
SRR14530859	PL_12_14_2020_INF_unenriched	PL	2020-12-14	unenriched	Pepper mild mottle virus	Pepper mild mottle virus (reference control)	Virgaviridae	Tobamovirus	Tobamovirus capsici	61495	61495	1	NC_003630.1	1	NC_003630.1	50	TRUE	Detected
SRR14530859	PL_12_14_2020_INF_unenriched	PL	2020-12-14	unenriched	Human norovirus	Human norovirus	Caliciviridae	Norovirus	Norovirus norwalkense	8	4	3	NC_039477.1; NC_044045.1; NC_044856.1	0		50	FALSE	Not detected
SRR14530859	PL_12_14_2020_INF_unenriched	PL	2020-12-14	unenriched	Seasonal human coronavirus	Seasonal human coronavirus	Coronaviridae	Alphacoronavirus / Betacoronavirus	multiple species	0	0	0		0		50	FALSE	Not detected
SRR14530859	PL_12_14_2020_INF_unenriched	PL	2020-12-14	unenriched	Human adenovirus	Human adenovirus	Adenoviridae	Mastadenovirus	multiple species	0	0	0		0		50	FALSE	Not detected
SRR14530859	PL_12_14_2020_INF_unenriched	PL	2020-12-14	unenriched	Influenza A virus	Influenza A virus	Orthomyxoviridae	Alphainfluenzavirus	Alphainfluenzavirus influenzae	0	0	0		0		50	FALSE	Not detected
SRR14530859	PL_12_14_2020_INF_unenriched	PL	2020-12-14	unenriched	SARS-CoV-2	SARS-CoV-2	Coronaviridae	Betacoronavirus	Betacoronavirus pandemicum	0	0	0		0		50	FALSE	Not detected
SRR14530825	PL_12_22_2020	PL	2020-12-22	enriched	Pepper mild mottle virus	Pepper mild mottle virus (reference control)	Virgaviridae	Tobamovirus	Tobamovirus capsici	20540	20540	1	NC_003630.1	1	NC_003630.1	50	TRUE	Detected
SRR14530825	PL_12_22_2020	PL	2020-12-22	enriched	Human norovirus	Human norovirus	Caliciviridae	Norovirus	Norovirus norwalkense	5	3	3	NC_039477.1; NC_044045.1; NC_044855.1	0		50	FALSE	Not detected
SRR14530825	PL_12_22_2020	PL	2020-12-22	enriched	Seasonal human coronavirus	Seasonal human coronavirus	Coronaviridae	Alphacoronavirus / Betacoronavirus	multiple species	0	0	0		0		50	FALSE	Not detected
SRR14530825	PL_12_22_2020	PL	2020-12-22	enriched	Human adenovirus	Human adenovirus	Adenoviridae	Mastadenovirus	multiple species	0	0	0		0		50	FALSE	Not detected
SRR14530825	PL_12_22_2020	PL	2020-12-22	enriched	Influenza A virus	Influenza A virus	Orthomyxoviridae	Alphainfluenzavirus	Alphainfluenzavirus influenzae	0	0	0		0		50	FALSE	Not detected
SRR14530825	PL_12_22_2020	PL	2020-12-22	enriched	SARS-CoV-2	SARS-CoV-2	Coronaviridae	Betacoronavirus	Betacoronavirus pandemicum	741	741	1	NC_045512.2	1	NC_045512.2	50	TRUE	Detected
SRR14530858	PL_12_22_2020_INF_unenriched	PL	2020-12-22	unenriched	Pepper mild mottle virus	Pepper mild mottle virus (reference control)	Virgaviridae	Tobamovirus	Tobamovirus capsici	73740	73740	1	NC_003630.1	1	NC_003630.1	50	TRUE	Detected
SRR14530858	PL_12_22_2020_INF_unenriched	PL	2020-12-22	unenriched	Human norovirus	Human norovirus	Caliciviridae	Norovirus	Norovirus norwalkense	24	7	9	NC_029646.1; NC_039475.1; NC_039476.1; NC_039477.1; NC_039897.1; NC_044045.1; NC_044855.1; NC_044856.1; NC_044932.1	0		50	FALSE	Not detected
SRR14530858	PL_12_22_2020_INF_unenriched	PL	2020-12-22	unenriched	Seasonal human coronavirus	Seasonal human coronavirus	Coronaviridae	Alphacoronavirus / Betacoronavirus	multiple species	0	0	0		0		50	FALSE	Not detected
SRR14530858	PL_12_22_2020_INF_unenriched	PL	2020-12-22	unenriched	Human adenovirus	Human adenovirus	Adenoviridae	Mastadenovirus	multiple species	0	0	0		0		50	FALSE	Not detected
SRR14530858	PL_12_22_2020_INF_unenriched	PL	2020-12-22	unenriched	Influenza A virus	Influenza A virus	Orthomyxoviridae	Alphainfluenzavirus	Alphainfluenzavirus influenzae	0	0	0		0		50	FALSE	Not detected
SRR14530858	PL_12_22_2020_INF_unenriched	PL	2020-12-22	unenriched	SARS-CoV-2	SARS-CoV-2	Coronaviridae	Betacoronavirus	Betacoronavirus pandemicum	1	1	1	NC_045512.2	0		50	FALSE	Not detected
SRR14530824	PL_12_28_2020	PL	2020-12-28	enriched	Pepper mild mottle virus	Pepper mild mottle virus (reference control)	Virgaviridae	Tobamovirus	Tobamovirus capsici	11649	11649	1	NC_003630.1	1	NC_003630.1	50	TRUE	Detected
SRR14530824	PL_12_28_2020	PL	2020-12-28	enriched	Human norovirus	Human norovirus	Caliciviridae	Norovirus	Norovirus norwalkense	1	1	1	NC_039897.1	0		50	FALSE	Not detected
SRR14530824	PL_12_28_2020	PL	2020-12-28	enriched	Seasonal human coronavirus	Seasonal human coronavirus	Coronaviridae	Alphacoronavirus / Betacoronavirus	multiple species	0	0	0		0		50	FALSE	Not detected
SRR14530824	PL_12_28_2020	PL	2020-12-28	enriched	Human adenovirus	Human adenovirus	Adenoviridae	Mastadenovirus	multiple species	0	0	0		0		50	FALSE	Not detected
SRR14530824	PL_12_28_2020	PL	2020-12-28	enriched	Influenza A virus	Influenza A virus	Orthomyxoviridae	Alphainfluenzavirus	Alphainfluenzavirus influenzae	0	0	0		0		50	FALSE	Not detected
SRR14530824	PL_12_28_2020	PL	2020-12-28	enriched	SARS-CoV-2	SARS-CoV-2	Coronaviridae	Betacoronavirus	Betacoronavirus pandemicum	317	317	1	NC_045512.2	1	NC_045512.2	50	TRUE	Detected
SRR14530857	PL_12_28_2020_INF_unenriched	PL	2020-12-28	unenriched	Pepper mild mottle virus	Pepper mild mottle virus (reference control)	Virgaviridae	Tobamovirus	Tobamovirus capsici	41929	41929	1	NC_003630.1	1	NC_003630.1	50	TRUE	Detected
SRR14530857	PL_12_28_2020_INF_unenriched	PL	2020-12-28	unenriched	Human norovirus	Human norovirus	Caliciviridae	Norovirus	Norovirus norwalkense	14	7	4	NC_039476.1; NC_039477.1; NC_044045.1; NC_044856.1	0		50	FALSE	Not detected
SRR14530857	PL_12_28_2020_INF_unenriched	PL	2020-12-28	unenriched	Seasonal human coronavirus	Seasonal human coronavirus	Coronaviridae	Alphacoronavirus / Betacoronavirus	multiple species	0	0	0		0		50	FALSE	Not detected
SRR14530857	PL_12_28_2020_INF_unenriched	PL	2020-12-28	unenriched	Human adenovirus	Human adenovirus	Adenoviridae	Mastadenovirus	multiple species	0	0	0		0		50	FALSE	Not detected
SRR14530857	PL_12_28_2020_INF_unenriched	PL	2020-12-28	unenriched	Influenza A virus	Influenza A virus	Orthomyxoviridae	Alphainfluenzavirus	Alphainfluenzavirus influenzae	0	0	0		0		50	FALSE	Not detected
SRR14530857	PL_12_28_2020_INF_unenriched	PL	2020-12-28	unenriched	SARS-CoV-2	SARS-CoV-2	Coronaviridae	Betacoronavirus	Betacoronavirus pandemicum	1	1	1	NC_045512.2	0		50	FALSE	Not detected
SRR14530832	PL_01_03_2021	PL	2021-01-03	enriched	Pepper mild mottle virus	Pepper mild mottle virus (reference control)	Virgaviridae	Tobamovirus	Tobamovirus capsici	15676	15676	1	NC_003630.1	1	NC_003630.1	50	TRUE	Detected
SRR14530832	PL_01_03_2021	PL	2021-01-03	enriched	Human norovirus	Human norovirus	Caliciviridae	Norovirus	Norovirus norwalkense	3	2	2	NC_039477.1; NC_044045.1	0		50	FALSE	Not detected
SRR14530832	PL_01_03_2021	PL	2021-01-03	enriched	Seasonal human coronavirus	Seasonal human coronavirus	Coronaviridae	Alphacoronavirus / Betacoronavirus	multiple species	0	0	0		0		50	FALSE	Not detected
SRR14530832	PL_01_03_2021	PL	2021-01-03	enriched	Human adenovirus	Human adenovirus	Adenoviridae	Mastadenovirus	multiple species	0	0	0		0		50	FALSE	Not detected
SRR14530832	PL_01_03_2021	PL	2021-01-03	enriched	Influenza A virus	Influenza A virus	Orthomyxoviridae	Alphainfluenzavirus	Alphainfluenzavirus influenzae	0	0	0		0		50	FALSE	Not detected
SRR14530832	PL_01_03_2021	PL	2021-01-03	enriched	SARS-CoV-2	SARS-CoV-2	Coronaviridae	Betacoronavirus	Betacoronavirus pandemicum	322	322	1	NC_045512.2	1	NC_045512.2	50	TRUE	Detected
SRR14530865	PL_01_03_2021_INF_unenriched	PL	2021-01-03	unenriched	Pepper mild mottle virus	Pepper mild mottle virus (reference control)	Virgaviridae	Tobamovirus	Tobamovirus capsici	67668	67668	1	NC_003630.1	1	NC_003630.1	50	TRUE	Detected
SRR14530865	PL_01_03_2021_INF_unenriched	PL	2021-01-03	unenriched	Human norovirus	Human norovirus	Caliciviridae	Norovirus	Norovirus norwalkense	29	10	7	NC_001959.2; NC_029646.1; NC_039475.1; NC_039476.1; NC_039477.1; NC_039897.1; NC_044045.1	0		50	FALSE	Not detected
SRR14530865	PL_01_03_2021_INF_unenriched	PL	2021-01-03	unenriched	Seasonal human coronavirus	Seasonal human coronavirus	Coronaviridae	Alphacoronavirus / Betacoronavirus	multiple species	0	0	0		0		50	FALSE	Not detected
SRR14530865	PL_01_03_2021_INF_unenriched	PL	2021-01-03	unenriched	Human adenovirus	Human adenovirus	Adenoviridae	Mastadenovirus	multiple species	0	0	0		0		50	FALSE	Not detected
SRR14530865	PL_01_03_2021_INF_unenriched	PL	2021-01-03	unenriched	Influenza A virus	Influenza A virus	Orthomyxoviridae	Alphainfluenzavirus	Alphainfluenzavirus influenzae	0	0	0		0		50	FALSE	Not detected
SRR14530865	PL_01_03_2021_INF_unenriched	PL	2021-01-03	unenriched	SARS-CoV-2	SARS-CoV-2	Coronaviridae	Betacoronavirus	Betacoronavirus pandemicum	1	1	1	NC_045512.2	0		50	FALSE	Not detected
SRR14530831	PL_01_04_2021	PL	2021-01-04	enriched	Pepper mild mottle virus	Pepper mild mottle virus (reference control)	Virgaviridae	Tobamovirus	Tobamovirus capsici	18290	18290	1	NC_003630.1	1	NC_003630.1	50	TRUE	Detected
SRR14530831	PL_01_04_2021	PL	2021-01-04	enriched	Human norovirus	Human norovirus	Caliciviridae	Norovirus	Norovirus norwalkense	8	3	5	NC_029646.1; NC_039475.1; NC_039476.1; NC_039477.1; NC_044045.1	0		50	FALSE	Not detected
SRR14530831	PL_01_04_2021	PL	2021-01-04	enriched	Seasonal human coronavirus	Seasonal human coronavirus	Coronaviridae	Alphacoronavirus / Betacoronavirus	multiple species	39	39	1	NC_006213.1	0		50	FALSE	Not detected
SRR14530831	PL_01_04_2021	PL	2021-01-04	enriched	Human adenovirus	Human adenovirus	Adenoviridae	Mastadenovirus	multiple species	0	0	0		0		50	FALSE	Not detected
SRR14530831	PL_01_04_2021	PL	2021-01-04	enriched	Influenza A virus	Influenza A virus	Orthomyxoviridae	Alphainfluenzavirus	Alphainfluenzavirus influenzae	0	0	0		0		50	FALSE	Not detected
SRR14530831	PL_01_04_2021	PL	2021-01-04	enriched	SARS-CoV-2	SARS-CoV-2	Coronaviridae	Betacoronavirus	Betacoronavirus pandemicum	639	639	1	NC_045512.2	1	NC_045512.2	50	TRUE	Detected
SRR14530864	PL_01_04_2021_INF_unenriched	PL	2021-01-04	unenriched	Pepper mild mottle virus	Pepper mild mottle virus (reference control)	Virgaviridae	Tobamovirus	Tobamovirus capsici	62760	62760	1	NC_003630.1	1	NC_003630.1	50	TRUE	Detected
SRR14530864	PL_01_04_2021_INF_unenriched	PL	2021-01-04	unenriched	Human norovirus	Human norovirus	Caliciviridae	Norovirus	Norovirus norwalkense	16	4	5	NC_029646.1; NC_039475.1; NC_039476.1; NC_039477.1; NC_044045.1	0		50	FALSE	Not detected
SRR14530864	PL_01_04_2021_INF_unenriched	PL	2021-01-04	unenriched	Seasonal human coronavirus	Seasonal human coronavirus	Coronaviridae	Alphacoronavirus / Betacoronavirus	multiple species	0	0	0		0		50	FALSE	Not detected
SRR14530864	PL_01_04_2021_INF_unenriched	PL	2021-01-04	unenriched	Human adenovirus	Human adenovirus	Adenoviridae	Mastadenovirus	multiple species	0	0	0		0		50	FALSE	Not detected
SRR14530864	PL_01_04_2021_INF_unenriched	PL	2021-01-04	unenriched	Influenza A virus	Influenza A virus	Orthomyxoviridae	Alphainfluenzavirus	Alphainfluenzavirus influenzae	0	0	0		0		50	FALSE	Not detected
SRR14530864	PL_01_04_2021_INF_unenriched	PL	2021-01-04	unenriched	SARS-CoV-2	SARS-CoV-2	Coronaviridae	Betacoronavirus	Betacoronavirus pandemicum	1	1	1	NC_045512.2	0		50	FALSE	Not detected
